Symbol,Company,Sector,Type,CMP (INR),1D Execution Zone,1D Score,1M Supporting Zone,1M Score,1W Intermediate Trend,Zone Freshness,Volume Status,Sector Bonus (Ep 16),GTF Combo Score,Setup Status,Relation,In Daily TF,In Monthly TF,Trade Stock (1D+1M),Strict Trade Grade,Exclude Reasons,Entry,SL,T1 (+2R),T2 (+3R),Qty (₹1k risk)
AXISBANK,Axis Bank Ltd.,BANK,DEMAND,1209.9,1191.5 - 1225.0 DR DEMAND,4.5 C,1208.6 - 1300.0 DR DEMAND,7.0 A,1W DOWN • 20 EMA BEARISH,🟡 1 TEST (TESTED),NORMAL VOL,+2.0 PTS,10.5 / 10 HIGH COMBO,BUY READY,IN,YES,YES,YES,WATCH,TESTED ZONE (1 tests) | 1D SCORE <7,,,,,
JUBLPHARMA,Jubilant Pharmova Ltd.,HEALTHCARE,DEMAND,1060.45,— NO ACTIVE ZONE —,—,873.6 - 1091.85 DR DEMAND,8.5 A,1W UP • 20 EMA BULLISH,🟢 0 TESTS (FRESH),NORMAL VOL,+1.0 PT,10.5 / 10 HIGH COMBO,BUY READY,IN,NO,YES,NO,,,,,,,
TATAPOWER,Tata Power Co. Ltd.,CPSE,DEMAND,361.9,360.2 - 370.4 DR DEMAND,7.0 A,327.88 - 381.43 DR DEMAND,2.5 C,1W DOWN • 20 EMA BEARISH,🟡 1 TEST (TESTED),NORMAL VOL,+2.0 PTS,10.5 / 10 HIGH COMBO,BUY READY,IN,YES,YES,YES,WATCH,TESTED ZONE (1 tests) | 1M SCORE <7 | SECTOR CPSE (backtest -ve),,,,,
BAJFINANCE,Bajaj Finance Ltd.,FINSERVICE,DEMAND,985.0,980.2 - 997.2 DR DEMAND,6.5 B,787.61 - 969.04 DR DEMAND,5.0 C,1W DOWN • 20 EMA BEARISH,🟢 0 TESTS (FRESH),NORMAL VOL,+2.0 PTS,10.0 / 10 HIGH COMBO,BUY READY,IN,YES,YES,YES,WATCH,1M SCORE <7 | 1D SCORE <7,,,,,
HBLENGINE,HBL Engineering Ltd.,INFRA,DEMAND,785.65,941.26 - 973.93 RD SUPPLY,4.0 C,647.1 - 829.9 DR DEMAND,7.0 A,1W UP • 20 EMA BULLISH,🟢 0 TESTS (FRESH),NORMAL VOL,+2.0 PTS,10.0 / 10 HIGH COMBO,BUY READY,IN,NO,YES,NO,,,,,,,
RRKABEL,R R Kabel Ltd.,INFRA,DEMAND,2459.8,2330.2 - 2506.0 DR DEMAND,3.0 C,1278.08 - 1643.86 DR DEMAND,7.0 A,1W UP • 20 EMA BULLISH,🔴 2 TESTS (WEAK),NORMAL VOL,+2.0 PTS,10.0 / 10 HIGH COMBO,BUY READY,IN,YES,NO,NO,,,,,,,
SOLARINDS,Solar Industries India Ltd.,FMCG,DEMAND,19150.0,18730.0 - 19370.0 DR DEMAND,3.0 C,12225.78 - 15985.55 DR DEMAND,7.0 A,1W UP • 20 EMA BULLISH,🔴 2 TESTS (WEAK),NORMAL VOL,+2.0 PTS,10.0 / 10 HIGH COMBO,BUY READY,IN,YES,NO,NO,,,,,,,
BRITANNIA,Britannia Industries Ltd.,FMCG,DEMAND,4915.0,4883.0 - 4939.5 DR DEMAND,6.0 B,4374.85 - 4882.29 DR DEMAND,3.0 C,1W DOWN • 20 EMA BEARISH,🟢 0 TESTS (FRESH),NORMAL VOL,+2.0 PTS,9.5 / 10 HIGH COMBO,BUY READY,IN,YES,YES,YES,WATCH,1M SCORE <7 | 1D SCORE <7,,,,,
CUMMINSIND,Cummins India Ltd.,INFRA,DEMAND,4855.0,5350.0 - 5484.0 RD SUPPLY,7.5 A,4433.23 - 5281.0 DR DEMAND,4.0 C,1W DOWN • 20 EMA BEARISH,🔴 2 TESTS (WEAK),NORMAL VOL,+2.0 PTS,9.5 / 10 HIGH COMBO,BUY READY,IN,NO,YES,NO,,,,,,,
KPRMILL,K.P.R. Mill Ltd.,CONSUMPTION,DEMAND,1101.2,1086.4 - 1154.4 DR DEMAND,5.0 C,1050.5 - 1197.9 DR DEMAND,6.0 B,1W UP • 20 EMA BULLISH,🟡 1 TEST (TESTED),NORMAL VOL,+1.0 PT,9.5 / 10 HIGH COMBO,BUY READY,IN,YES,YES,YES,WATCH,TESTED ZONE (1 tests) | 1M SCORE <7 | 1D SCORE <7 | SECTOR CONSUMPTION (backtest -ve),,,,,
SCHAEFFLER,Schaeffler India Ltd.,AUTO,DEMAND,3955.5,3865.0 - 4064.0 DR DEMAND,4.5 C,3521.03 - 4407.53 DR DEMAND,6.0 B,1W DOWN • 20 EMA BEARISH,🔴 9 TESTS (WEAK),NORMAL VOL,+2.0 PTS,9.5 / 10 HIGH COMBO,BUY READY,IN,YES,YES,YES,WATCH,TESTED ZONE (9 tests) | 1M SCORE <7 | 1D SCORE <7,,,,,
SUPREMEIND,Supreme Industries Ltd.,INFRA,DEMAND,3499.8,3426.2 - 3555.0 DR DEMAND,6.0 B,3140.0 - 3538.1 DR DEMAND,4.0 C,1W DOWN • 20 EMA BEARISH,🟡 1 TEST (TESTED),NORMAL VOL,+2.0 PTS,9.5 / 10 HIGH COMBO,BUY READY,IN,YES,YES,YES,WATCH,TESTED ZONE (1 tests) | 1M SCORE <7 | 1D SCORE <7,,,,,
ZYDUSWELL,Zydus Wellness Ltd.,FMCG,DEMAND,524.4,519.0 - 533.15 DR DEMAND,6.5 B,366.82 - 469.06 DR DEMAND,5.5 B,1W UP • 20 EMA BULLISH,🟢 0 TESTS (FRESH),NORMAL VOL,+2.0 PTS,9.5 / 10 HIGH COMBO,BUY READY,IN,YES,NO,NO,,,,,,,
ADANIPORTS,Adani Ports and Special Economic Zone Ltd.,CONSUMPTION,DEMAND,1743.7,1625.0 - 1655.6 DR DEMAND,4.5 C,1625.0 - 1824.0 DR DEMAND,7.0 A,1W UP • 20 EMA BULLISH,🟢 0 TESTS (FRESH),NORMAL VOL,+1.0 PT,9.0 / 10 SOLID,BUY READY,IN,YES,YES,NO,,,,,,,
AIIL,Authum Investment & Infrastructure Ltd.,FINSERVICE,DEMAND,548.25,544.15 - 564.8 DR DEMAND,6.0 B,— NO ACTIVE ZONE —,—,1W UP • 20 EMA BULLISH,🟡 1 TEST (TESTED),NORMAL VOL,+2.0 PTS,9.0 / 10 SOLID,BUY READY,IN,YES,NO,NO,,,,,,,
KAJARIACER,Kajaria Ceramics Ltd.,CONSUMPTION,DEMAND,1189.5,1175.7 - 1224.0 DR DEMAND,5.0 C,1054.81 - 1226.75 DR DEMAND,5.5 B,1W UP • 20 EMA BULLISH,🟡 1 TEST (TESTED),NORMAL VOL,+1.0 PT,9.0 / 10 SOLID,BUY READY,IN,YES,YES,YES,WATCH,TESTED ZONE (1 tests) | 1M SCORE <7 | 1D SCORE <7 | SECTOR CONSUMPTION (backtest -ve),,,,,
SARDAEN,Sarda Energy and Minerals Ltd.,METAL,DEMAND,501.3,483.84 - 514.03 DR DEMAND,4.0 C,465.22 - 558.86 DR DEMAND,5.5 B,1W DOWN • 20 EMA BEARISH,🔴 10 TESTS (WEAK),NORMAL VOL,+2.0 PTS,9.0 / 10 SOLID,BUY READY,IN,YES,YES,YES,WATCH,TESTED ZONE (10 tests) | 1M SCORE <7 | 1D SCORE <7 | SECTOR METAL (backtest -ve),,,,,
LTF,L&T Finance Ltd.,FINSERVICE,DEMAND,280.85,262.95 - 277.0 DR DEMAND,9.5 A+,129.16 - 155.77 DR DEMAND,5.5 B,1W DOWN • 20 EMA BEARISH,🟢 0 TESTS (FRESH),NORMAL VOL,+2.0 PTS,11.5 / 10 SUPER COMBO,APPROACHING DEMAND,NEAR,YES,NO,NO,,,,,,,
INDIANB,Indian Bank,PSUBANK,DEMAND,802.45,774.95 - 796.8 DR DEMAND,7.5 A,790.95 - 903.75 DR DEMAND,4.0 C,1W DOWN • 20 EMA BEARISH,🟡 1 TEST (TESTED),NORMAL VOL,+2.0 PTS,11.0 / 10 SUPER COMBO,APPROACHING DEMAND,NEAR,YES,YES,YES,WATCH,TESTED ZONE (1 tests) | 1M SCORE <7 | SECTOR PSUBANK (backtest -ve),,,,,
ABCAPITAL,Aditya Birla Capital Ltd.,FINSERVICE,DEMAND,382.7,368.6 - 377.25 DR DEMAND,6.5 B,287.7 - 354.65 DR DEMAND,5.5 B,1W DOWN • 20 EMA BEARISH,🟡 1 TEST (TESTED),NORMAL VOL,+2.0 PTS,8.5 / 10 SOLID,APPROACHING DEMAND,NEAR,YES,YES,NO,,,,,,,
COALINDIA,Coal India Ltd.,CPSE,DEMAND,422.5,410.45 - 415.4 DR DEMAND,5.5 B,— NO ACTIVE ZONE —,—,1W UP • 20 EMA BULLISH,🟢 0 TESTS (FRESH),NORMAL VOL,+2.0 PTS,8.5 / 10 SOLID,APPROACHING DEMAND,NEAR,YES,NO,NO,,,,,,,
PARADEEP,Paradeep Phosphates Ltd.,FMCG,DEMAND,155.7,146.2 - 154.37 DR DEMAND,5.5 B,82.06 - 105.46 DR DEMAND,2.5 C,1W UP • 20 EMA BULLISH,🟡 1 TEST (TESTED),NORMAL VOL,+2.0 PTS,8.5 / 10 SOLID,APPROACHING DEMAND,NEAR,YES,NO,NO,,,,,,,
AAVAS,Aavas Financiers Ltd.,FINSERVICE,DEMAND,1282.4,1242.7 - 1277.2 DR DEMAND,4.5 C,1100.0 - 1468.0 DR DEMAND,4.0 C,1W DOWN • 20 EMA BEARISH,🟡 1 TEST (TESTED),NORMAL VOL,+2.0 PTS,8.0 / 10 SOLID,APPROACHING DEMAND,NEAR,YES,YES,YES,WATCH,TESTED ZONE (1 tests) | 1M SCORE <7 | 1D SCORE <7,,,,,
OIL,Oil India Ltd.,CPSE,DEMAND,468.0,404.97 - 418.04 DR DEMAND,2.5 C,411.21 - 464.05 DR DEMAND,5.0 C,1W UP • 20 EMA BULLISH,🟡 1 TEST (TESTED),NORMAL VOL,+2.0 PTS,8.0 / 10 SOLID,APPROACHING DEMAND,NEAR,NO,YES,NO,,,,,,,
BBTC,Bombay Burmah Trading Corporation Ltd.,FMCG,DEMAND,1415.7,1325.0 - 1414.3 DR DEMAND,3.0 C,1325.0 - 1559.7 DR DEMAND,4.0 C,1W DOWN • 20 EMA BEARISH,🔴 3 TESTS (WEAK),NORMAL VOL,+2.0 PTS,7.5 / 10 SOLID,APPROACHING DEMAND,NEAR,YES,YES,YES,WATCH,TESTED ZONE (3 tests) | 1M SCORE <7 | 1D SCORE <7,,,,,
BEML,BEML Ltd.,CPSE,DEMAND,1995.1,1897.83 - 1978.35 DR DEMAND,3.0 C,1159.43 - 1661.63 DR DEMAND,4.5 C,1W UP • 20 EMA BULLISH,🔴 5 TESTS (WEAK),NORMAL VOL,+2.0 PTS,7.5 / 10 SOLID,APPROACHING DEMAND,NEAR,YES,NO,NO,,,,,,,
CHOLAFIN,Cholamandalam Investment and Finance Company Ltd.,FINSERVICE,DEMAND,1634.2,1763.5 - 1806.0 RD SUPPLY,5.5 B,1298.89 - 1604.97 DR DEMAND,5.0 C,1W DOWN • 20 EMA BEARISH,🟡 1 TEST (TESTED),NORMAL VOL,+2.0 PTS,7.5 / 10 SOLID,APPROACHING DEMAND,NEAR,YES,YES,NO,,,,,,,
PETRONET,Petronet LNG Ltd.,OIL,DEMAND,289.85,282.05 - 286.9 DR DEMAND,4.5 C,244.27 - 279.28 DR DEMAND,4.0 C,1W UP • 20 EMA BULLISH,🟡 1 TEST (TESTED),🔥 1.8x HIGH VOL,+2.0 PTS,7.5 / 10 SOLID,APPROACHING DEMAND,NEAR,YES,YES,NO,,,,,,,
PRESTIGE,Prestige Estates Projects Ltd.,REALTY,DEMAND,1470.8,1574.02 - 1652.92 RD SUPPLY,5.5 B,1088.63 - 1452.67 DR DEMAND,3.0 C,1W DOWN • 20 EMA BEARISH,🔴 2 TESTS (WEAK),NORMAL VOL,+2.0 PTS,7.5 / 10 SOLID,APPROACHING DEMAND,NEAR,YES,YES,NO,,,,,,,
BHARATFORG,Bharat Forge Ltd.,AUTO,DEMAND,1957.0,2040.0 - 2076.1 RD SUPPLY,5.0 C,1605.33 - 1944.0 DR DEMAND,4.0 C,1W DOWN • 20 EMA BEARISH,🔴 2 TESTS (WEAK),NORMAL VOL,+2.0 PTS,7.0 / 10 SOLID,APPROACHING DEMAND,NEAR,YES,YES,NO,,,,,,,
EICHERMOT,Eicher Motors Ltd.,AUTO,DEMAND,7213.5,6980.4 - 7085.8 DR DEMAND,2.5 C,4670.79 - 5373.18 DR DEMAND,5.0 C,1W DOWN • 20 EMA BEARISH,🔴 2 TESTS (WEAK),NORMAL VOL,+2.0 PTS,7.0 / 10 SOLID,APPROACHING DEMAND,NEAR,YES,NO,NO,,,,,,,
GAIL,GAIL (India) Ltd.,CPSE,DEMAND,172.45,166.19 - 170.7 DR DEMAND,3.5 C,137.1 - 167.47 DR DEMAND,4.0 C,1W UP • 20 EMA BULLISH,🔴 7 TESTS (WEAK),🔥 1.8x HIGH VOL,+2.0 PTS,7.0 / 10 SOLID,APPROACHING DEMAND,NEAR,YES,YES,NO,,,,,,,
ICICIGI,ICICI Lombard General Insurance Company Ltd.,FINSERVICE,DEMAND,1540.0,1459.9 - 1514.5 DR DEMAND,5.0 C,1672.35 - 1906.06 RD SUPPLY,5.0 C,1W DOWN • 20 EMA BEARISH,🟡 1 TEST (TESTED),NORMAL VOL,+2.0 PTS,7.0 / 10 SOLID,APPROACHING DEMAND,NEAR,YES,YES,NO,,,,,,,
LALPATHLAB,Dr. Lal Path Labs Ltd.,HEALTHCARE,DEMAND,1942.1,1888.0 - 1941.1 DR DEMAND,5.0 C,1131.06 - 1295.99 DR DEMAND,2.5 C,1W UP • 20 EMA BULLISH,🟡 1 TEST (TESTED),NORMAL VOL,+1.0 PT,7.0 / 10 SOLID,APPROACHING DEMAND,NEAR,YES,NO,NO,,,,,,,
MMTC,MMTC Ltd.,CONSUMPTION,DEMAND,56.4,52.1 - 55.66 DR DEMAND,4.5 C,51.87 - 71.64 DR DEMAND,4.0 C,1W DOWN • 20 EMA BEARISH,🟡 1 TEST (TESTED),NORMAL VOL,+1.0 PT,7.0 / 10 SOLID,APPROACHING DEMAND,NEAR,YES,YES,YES,WATCH,TESTED ZONE (1 tests) | 1M SCORE <7 | 1D SCORE <7 | SECTOR CONSUMPTION (backtest -ve),,,,,
TIMKEN,Timken India Ltd.,INFRA,DEMAND,3180.5,3070.1 - 3148.0 DR DEMAND,3.0 C,2404.15 - 3189.39 DR DEMAND,3.5 C,1W DOWN • 20 EMA BEARISH,🔴 4 TESTS (WEAK),NORMAL VOL,+2.0 PTS,7.0 / 10 SOLID,APPROACHING DEMAND,NEAR,YES,YES,YES,WATCH,TESTED ZONE (4 tests) | 1M SCORE <7 | 1D SCORE <7,,,,,
UNITDSPR,United Spirits Ltd.,FMCG,DEMAND,1415.4,1368.1 - 1398.2 DR DEMAND,4.0 C,— NO ACTIVE ZONE —,—,1W UP • 20 EMA BULLISH,🟡 1 TEST (TESTED),NORMAL VOL,+2.0 PTS,7.0 / 10 SOLID,APPROACHING DEMAND,NEAR,YES,NO,NO,,,,,,,
ZENSARTECH,Zensar Technolgies Ltd.,IT,DEMAND,436.7,416.15 - 436.0 DR DEMAND,4.0 C,412.97 - 553.1 DR DEMAND,4.5 C,1W DOWN • 20 EMA BEARISH,🟡 1 TEST (TESTED),NORMAL VOL,+1.0 PT,7.0 / 10 SOLID,APPROACHING DEMAND,NEAR,YES,YES,YES,WATCH,TESTED ZONE (1 tests) | 1M SCORE <7 | 1D SCORE <7,,,,,
FEDERALBNK,Federal Bank Ltd.,BANK,DEMAND,325.0,317.96 - 323.79 DR DEMAND,3.0 C,171.04 - 198.12 DR DEMAND,4.0 C,1W DOWN • 20 EMA BEARISH,🔴 5 TESTS (WEAK),NORMAL VOL,+2.0 PTS,6.0 / 10 SOLID,APPROACHING DEMAND,NEAR,YES,NO,NO,,,,,,,
HDFCLIFE,HDFC Life Insurance Company Ltd.,FINSERVICE,DEMAND,531.6,508.7 - 526.15 DR DEMAND,2.5 C,730.25 - 815.99 RD SUPPLY,4.0 C,1W DOWN • 20 EMA BEARISH,🔴 3 TESTS (WEAK),NORMAL VOL,+2.0 PTS,6.0 / 10 SOLID,APPROACHING DEMAND,NEAR,YES,NO,NO,,,,,,,
IDFCFIRSTB,IDFC First Bank Ltd.,BANK,DEMAND,80.55,77.68 - 79.52 DR DEMAND,4.0 C,57.91 - 70.94 DR DEMAND,4.0 C,1W DOWN • 20 EMA BEARISH,🔴 2 TESTS (WEAK),NORMAL VOL,+2.0 PTS,6.0 / 10 SOLID,APPROACHING DEMAND,NEAR,YES,NO,NO,,,,,,,
TATASTEEL,Tata Steel Ltd.,METAL,DEMAND,186.3,177.59 - 183.86 DR DEMAND,2.5 C,156.83 - 177.73 DR DEMAND,4.0 C,1W DOWN • 20 EMA BEARISH,🔴 10 TESTS (WEAK),NORMAL VOL,+2.0 PTS,6.0 / 10 SOLID,APPROACHING DEMAND,NEAR,YES,YES,NO,,,,,,,
LTTS,L&T Technology Services Ltd.,IT,DEMAND,3211.6,3070.0 - 3199.4 DR DEMAND,3.0 C,3134.65 - 3624.63 DR DEMAND,3.0 C,1W DOWN • 20 EMA BEARISH,🔴 2 TESTS (WEAK),NORMAL VOL,+1.0 PT,5.5 / 10 SOLID,APPROACHING DEMAND,NEAR,YES,YES,YES,WATCH,TESTED ZONE (2 tests) | 1M SCORE <7 | 1D SCORE <7,,,,,
POONAWALLA,Poonawalla Fincorp Ltd.,FINSERVICE,DEMAND,445.15,432.0 - 442.5 DR DEMAND,3.5 C,366.7 - 433.4 DR DEMAND,3.5 C,1W DOWN • 20 EMA BEARISH,🔴 4 TESTS (WEAK),NORMAL VOL,+2.0 PTS,5.5 / 10 SOLID,APPROACHING DEMAND,NEAR,YES,YES,NO,,,,,,,
SRF,SRF Ltd.,FMCG,DEMAND,2491.5,2400.34 - 2474.7 DR DEMAND,3.5 C,2639.98 - 3090.81 RD SUPPLY,3.0 C,1W DOWN • 20 EMA BEARISH,🔴 4 TESTS (WEAK),NORMAL VOL,+2.0 PTS,5.5 / 10 SOLID,APPROACHING DEMAND,NEAR,YES,YES,NO,,,,,,,
HINDPETRO,Hindustan Petroleum Corporation Ltd.,OIL,DEMAND,342.45,382.4 - 399.42 RD SUPPLY,3.0 C,263.73 - 341.18 DR DEMAND,3.0 C,1W DOWN • 20 EMA BEARISH,🔴 4 TESTS (WEAK),NORMAL VOL,+2.0 PTS,5.0 / 10 SOLID,APPROACHING DEMAND,NEAR,NO,YES,NO,,,,,,,
URBANCO,Urban Company Ltd.,CONSUMPTION,DEMAND,161.21,151.0 - 160.0 DR DEMAND,3.0 C,— NO ACTIVE ZONE —,—,1W UP • 20 EMA BULLISH,🔴 3 TESTS (WEAK),NORMAL VOL,+1.0 PT,5.0 / 10 SOLID,APPROACHING DEMAND,NEAR,YES,NO,NO,,,,,,,
ZFCVINDIA,ZF Commercial Vehicle Control Systems India Ltd.,AUTO,DEMAND,2332.8,2194.7 - 2290.7 DR DEMAND,3.0 C,2046.79 - 2237.79 DR DEMAND,3.0 C,1W DOWN • 20 EMA BEARISH,🔴 4 TESTS (WEAK),NORMAL VOL,+2.0 PTS,5.0 / 10 SOLID,APPROACHING DEMAND,NEAR,YES,YES,NO,,,,,,,
HEXT,Hexaware Technologies Ltd.,IT,DEMAND,489.25,461.1 - 487.5 DR DEMAND,3.0 C,— NO ACTIVE ZONE —,—,1W DOWN • 20 EMA BEARISH,🔴 4 TESTS (WEAK),NORMAL VOL,+1.0 PT,4.0 / 10 SOLID,APPROACHING DEMAND,NEAR,YES,NO,NO,,,,,,,
CGPOWER,CG Power and Industrial Solutions Ltd.,INFRA,DEMAND,865.0,846.45 - 882.8 DR DEMAND,3.0 C,826.1 - 916.0 DR DEMAND,5.0 C,1W DOWN • 20 EMA BEARISH,🔴 5 TESTS (WEAK),NORMAL VOL,+2.0 PTS,8.5 / 10 SOLID,WAIT FOR PULLBACK,IN,YES,YES,YES,WATCH,TESTED ZONE (5 tests) | 1M SCORE <7 | 1D SCORE <7,,,,,
CONCOR,Container Corporation of India Ltd.,CPSE,DEMAND,450.0,449.78 - 457.89 DR DEMAND,2.5 C,426.84 - 519.33 DR DEMAND,5.0 C,1W DOWN • 20 EMA BEARISH,🔴 2 TESTS (WEAK),NORMAL VOL,+2.0 PTS,8.5 / 10 SOLID,WAIT FOR PULLBACK,IN,YES,YES,YES,WATCH,TESTED ZONE (2 tests) | 1M SCORE <7 | 1D SCORE <7 | SECTOR CPSE (backtest -ve),,,,,
ELECON,Elecon Engineering Co. Ltd.,INFRA,DEMAND,480.75,366.11 - 386.55 DR DEMAND,4.5 C,366.11 - 522.96 DR DEMAND,5.5 B,1W UP • 20 EMA BULLISH,🟡 1 TEST (TESTED),🔥 2.5x VOL EXPLOSION,+2.0 PTS,8.5 / 10 SOLID,WAIT FOR PULLBACK,IN,NO,YES,NO,,,,,,,
HONASA,Honasa Consumer Ltd.,FMCG,DEMAND,466.05,458.1 - 481.5 DR DEMAND,5.5 B,— NO ACTIVE ZONE —,—,1W UP • 20 EMA BULLISH,🟡 1 TEST (TESTED),🔥 1.8x HIGH VOL,+2.0 PTS,8.5 / 10 SOLID,WAIT FOR PULLBACK,IN,YES,NO,NO,,,,,,,
MOTILALOFS,Motilal Oswal Financial Services Ltd.,FINSERVICE,DEMAND,1011.6,826.15 - 868.8 DR DEMAND,5.0 C,852.7 - 1053.0 DR DEMAND,5.5 B,1W UP • 20 EMA BULLISH,🟡 1 TEST (TESTED),NORMAL VOL,+2.0 PTS,8.5 / 10 SOLID,WAIT FOR PULLBACK,IN,NO,YES,NO,,,,,,,
NHPC,NHPC Ltd.,CPSE,DEMAND,74.5,74.3 - 76.72 DR DEMAND,4.0 C,69.62 - 84.65 DR DEMAND,5.0 C,1W DOWN • 20 EMA BEARISH,🟡 1 TEST (TESTED),NORMAL VOL,+2.0 PTS,8.5 / 10 SOLID,WAIT FOR PULLBACK,IN,YES,YES,YES,WATCH,TESTED ZONE (1 tests) | 1M SCORE <7 | 1D SCORE <7 | SECTOR CPSE (backtest -ve),,,,,
ONGC,Oil & Natural Gas Corporation Ltd.,CPSE,DEMAND,230.0,234.71 - 238.0 RD SUPPLY,6.5 B,203.55 - 240.79 DR DEMAND,3.0 C,1W DOWN • 20 EMA BEARISH,🔴 2 TESTS (WEAK),NORMAL VOL,+2.0 PTS,8.5 / 10 SOLID,WAIT FOR PULLBACK,IN,YES,YES,NO,,,,,,,
TATATECH,Tata Technologies Ltd.,IT,EQUILIBRIUM,707.05,690.0 - 714.6 DR DEMAND,3.0 C,691.2 - 850.0 RD SUPPLY,8.5 A,1W DOWN • 20 EMA BEARISH,🔴 2 TESTS (WEAK),NORMAL VOL,+0.0 PTS,8.5 / 10 SOLID,WAIT FOR PULLBACK,CONFLICT,YES,YES,YES,WATCH,SUPPLY/EQ - long system me nahi | TESTED ZONE (2 tests) | 1D SCORE <7,,,,,
UCOBANK,UCO Bank,PSUBANK,EQUILIBRIUM,23.33,23.23 - 23.87 RD SUPPLY,8.5 A,22.46 - 26.71 DR DEMAND,4.5 C,1W DOWN • 20 EMA BEARISH,🟢 0 TESTS (FRESH),NORMAL VOL,+0.0 PTS,8.5 / 10 SOLID,WAIT FOR PULLBACK,CONFLICT,YES,YES,YES,WATCH,SUPPLY/EQ - long system me nahi | 1M SCORE <7 | SECTOR PSUBANK (backtest -ve),,,,,
ADANIGREEN,Adani Green Energy Ltd.,CPSE,DEMAND,1235.0,1217.0 - 1271.2 DR DEMAND,3.5 C,814.75 - 1271.95 DR DEMAND,4.5 C,1W DOWN • 20 EMA BEARISH,🔴 3 TESTS (WEAK),NORMAL VOL,+2.0 PTS,8.0 / 10 SOLID,WAIT FOR PULLBACK,IN,YES,YES,YES,WATCH,TESTED ZONE (3 tests) | 1M SCORE <7 | 1D SCORE <7 | SECTOR CPSE (backtest -ve),,,,,
ASTRAL,Astral Ltd.,INFRA,DEMAND,1370.5,1400.9 - 1426.1 RD SUPPLY,6.0 B,1309.54 - 1502.04 DR DEMAND,4.0 C,1W DOWN • 20 EMA BEARISH,🟡 1 TEST (TESTED),NORMAL VOL,+2.0 PTS,8.0 / 10 SOLID,WAIT FOR PULLBACK,IN,YES,YES,NO,,,,,,,
CAMS,Computer Age Management Services Ltd.,FINSERVICE,DEMAND,691.55,750.25 - 783.0 RD SUPPLY,6.0 B,591.51 - 756.76 DR DEMAND,4.0 C,1W DOWN • 20 EMA BEARISH,🔴 2 TESTS (WEAK),NORMAL VOL,+2.0 PTS,8.0 / 10 SOLID,WAIT FOR PULLBACK,IN,YES,YES,NO,,,,,,,
COCHINSHIP,Cochin Shipyard Ltd.,INFRA,DEMAND,1329.0,1518.69 - 1570.03 RD SUPPLY,6.0 B,1226.72 - 1778.0 DR DEMAND,5.0 C,1W DOWN • 20 EMA BEARISH,🟡 1 TEST (TESTED),NORMAL VOL,+2.0 PTS,8.0 / 10 SOLID,WAIT FOR PULLBACK,IN,NO,YES,NO,,,,,,,
CUB,City Union Bank Ltd.,PVTBANK,DEMAND,215.99,212.48 - 224.0 DR DEMAND,3.0 C,177.59 - 207.56 DR DEMAND,5.0 C,1W UP • 20 EMA BULLISH,🔴 5 TESTS (WEAK),🔥 1.8x HIGH VOL,+2.0 PTS,8.0 / 10 SOLID,WAIT FOR PULLBACK,IN,YES,YES,NO,,,,,,,
FSL,Firstsource Solutions Ltd.,CONSUMPTION,DEMAND,256.0,237.55 - 245.45 DR DEMAND,7.0 A,228.7 - 304.1 DR DEMAND,5.0 C,1W DOWN • 20 EMA BEARISH,🟡 1 TEST (TESTED),NORMAL VOL,+1.0 PT,8.0 / 10 SOLID,WAIT FOR PULLBACK,IN,YES,YES,NO,,,,,,,
HINDALCO,Hindalco Industries Ltd.,METAL,DEMAND,955.9,938.15 - 964.8 DR DEMAND,3.5 C,796.79 - 885.38 DR DEMAND,6.0 B,1W DOWN • 20 EMA BEARISH,🔴 3 TESTS (WEAK),NORMAL VOL,+2.0 PTS,8.0 / 10 SOLID,WAIT FOR PULLBACK,IN,YES,YES,NO,,,,,,,
ITC,ITC Ltd.,FMCG,DEMAND,265.2,263.55 - 267.95 DR DEMAND,6.0 B,285.9 - 309.47 RD SUPPLY,5.5 B,1W DOWN • 20 EMA BEARISH,🟡 1 TEST (TESTED),NORMAL VOL,+2.0 PTS,8.0 / 10 SOLID,WAIT FOR PULLBACK,IN,YES,YES,NO,,,,,,,
JSL,Jindal Stainless Ltd.,METAL,DEMAND,745.7,736.0 - 752.85 DR DEMAND,5.0 C,— NO ACTIVE ZONE —,—,1W UP • 20 EMA BULLISH,🟡 1 TEST (TESTED),NORMAL VOL,+2.0 PTS,8.0 / 10 SOLID,WAIT FOR PULLBACK,IN,YES,NO,NO,,,,,,,
KPIL,Kalpataru Projects International Ltd.,INFRA,DEMAND,1375.6,1262.3 - 1309.9 DR DEMAND,5.0 C,1267.2 - 1468.0 DR DEMAND,5.0 C,1W UP • 20 EMA BULLISH,🟡 1 TEST (TESTED),NORMAL VOL,+2.0 PTS,8.0 / 10 SOLID,WAIT FOR PULLBACK,IN,YES,YES,NO,,,,,,,
LT,Larsen & Toubro Ltd.,INFRA,DEMAND,3766.4,3946.1 - 3988.7 RD SUPPLY,6.0 B,3436.44 - 4108.87 DR DEMAND,5.0 C,1W DOWN • 20 EMA BEARISH,🟡 1 TEST (TESTED),NORMAL VOL,+2.0 PTS,8.0 / 10 SOLID,WAIT FOR PULLBACK,IN,YES,YES,NO,,,,,,,
NLCINDIA,NLC India Ltd.,CPSE,DEMAND,256.7,255.36 - 262.65 DR DEMAND,3.5 C,220.29 - 287.59 DR DEMAND,4.5 C,1W DOWN • 20 EMA BEARISH,🔴 2 TESTS (WEAK),NORMAL VOL,+2.0 PTS,8.0 / 10 SOLID,WAIT FOR PULLBACK,IN,YES,YES,YES,WATCH,TESTED ZONE (2 tests) | 1M SCORE <7 | 1D SCORE <7 | SECTOR CPSE (backtest -ve),,,,,
REDINGTON,Redington Ltd.,CONSUMPTION,DEMAND,404.85,392.6 - 412.2 DR DEMAND,6.0 B,— NO ACTIVE ZONE —,—,1W UP • 20 EMA BULLISH,🟡 1 TEST (TESTED),NORMAL VOL,+1.0 PT,8.0 / 10 SOLID,WAIT FOR PULLBACK,IN,YES,NO,NO,,,,,,,
SBICARD,SBI Cards and Payment Services Ltd.,FINSERVICE,DEMAND,591.0,571.2 - 591.0 DR DEMAND,3.0 C,579.9 - 666.75 DR DEMAND,4.5 C,1W DOWN • 20 EMA BEARISH,🔴 3 TESTS (WEAK),NORMAL VOL,+2.0 PTS,8.0 / 10 SOLID,WAIT FOR PULLBACK,IN,YES,YES,YES,WATCH,TESTED ZONE (3 tests) | 1M SCORE <7 | 1D SCORE <7,,,,,
SUMICHEM,Sumitomo Chemical India Ltd.,FMCG,DEMAND,433.75,370.11 - 381.08 DR DEMAND,6.0 B,423.13 - 551.9 DR DEMAND,5.0 C,1W DOWN • 20 EMA BEARISH,🟡 1 TEST (TESTED),NORMAL VOL,+2.0 PTS,8.0 / 10 SOLID,WAIT FOR PULLBACK,IN,NO,YES,NO,,,,,,,
UBL,United Breweries Ltd.,FMCG,DEMAND,1217.4,1215.0 - 1248.1 DR DEMAND,6.0 B,1301.5 - 1453.66 RD SUPPLY,6.0 B,1W DOWN • 20 EMA BEARISH,🟡 1 TEST (TESTED),NORMAL VOL,+2.0 PTS,8.0 / 10 SOLID,WAIT FOR PULLBACK,IN,YES,YES,NO,,,,,,,
AJANTPHARM,Ajanta Pharmaceuticals Ltd.,PHARMA,DEMAND,3525.2,3438.0 - 3539.0 DR DEMAND,5.5 B,— NO ACTIVE ZONE —,—,1W UP • 20 EMA BULLISH,🟡 1 TEST (TESTED),NORMAL VOL,+1.0 PT,7.5 / 10 SOLID,WAIT FOR PULLBACK,IN,YES,NO,NO,,,,,,,
ARE&M,Amara Raja Energy & Mobility Ltd.,AUTO,DEMAND,774.95,793.0 - 809.05 RD SUPPLY,5.5 B,684.55 - 951.3 DR DEMAND,4.0 C,1W DOWN • 20 EMA BEARISH,🟡 1 TEST (TESTED),NORMAL VOL,+2.0 PTS,7.5 / 10 SOLID,WAIT FOR PULLBACK,IN,YES,YES,NO,,,,,,,
BEL,Bharat Electronics Ltd.,CPSE,EQUILIBRIUM,385.5,393.3 - 399.2 RD SUPPLY,3.5 C,384.68 - 416.35 DR DEMAND,7.5 A,1W DOWN • 20 EMA BEARISH,🟢 0 TESTS (FRESH),NORMAL VOL,+0.0 PTS,7.5 / 10 SOLID,WAIT FOR PULLBACK,CONFLICT,YES,YES,YES,WATCH,SUPPLY/EQ - long system me nahi | 1D SCORE <7 | SECTOR CPSE (backtest -ve),,,,,
CESC,CESC Ltd.,CPSE,DEMAND,136.18,142.28 - 144.22 RD SUPPLY,5.5 B,118.28 - 146.44 DR DEMAND,3.5 C,1W DOWN • 20 EMA BEARISH,🔴 4 TESTS (WEAK),NORMAL VOL,+2.0 PTS,7.5 / 10 SOLID,WAIT FOR PULLBACK,IN,YES,YES,NO,,,,,,,
DEEPAKNTR,Deepak Nitrite Ltd.,FMCG,DEMAND,1550.8,1596.1 - 1634.0 RD SUPPLY,5.5 B,1296.58 - 1771.91 DR DEMAND,4.5 C,1W DOWN • 20 EMA BEARISH,🟡 1 TEST (TESTED),NORMAL VOL,+2.0 PTS,7.5 / 10 SOLID,WAIT FOR PULLBACK,IN,YES,YES,NO,,,,,,,
DIVISLAB,Divi's Laboratories Ltd.,HEALTHCARE,DEMAND,9550.0,9312.5 - 9624.0 DR DEMAND,5.5 B,5651.69 - 6747.18 DR DEMAND,4.0 C,1W UP • 20 EMA BULLISH,🟡 1 TEST (TESTED),NORMAL VOL,+1.0 PT,7.5 / 10 SOLID,WAIT FOR PULLBACK,IN,YES,NO,NO,,,,,,,
DMART,Avenue Supermarts Ltd.,CONSUMPTION,DEMAND,3803.5,3771.6 - 3834.2 DR DEMAND,5.0 C,3340.0 - 4190.0 DR DEMAND,3.5 C,1W DOWN • 20 EMA BEARISH,🟡 1 TEST (TESTED),NORMAL VOL,+1.0 PT,7.5 / 10 SOLID,WAIT FOR PULLBACK,IN,YES,YES,YES,WATCH,TESTED ZONE (1 tests) | 1M SCORE <7 | 1D SCORE <7 | SECTOR CONSUMPTION (backtest -ve),,,,,
GLAND,Gland Pharma Ltd.,PHARMA,DEMAND,2896.0,2820.1 - 2941.1 DR DEMAND,5.5 B,1359.27 - 1585.93 DR DEMAND,3.0 C,1W UP • 20 EMA BULLISH,🟡 1 TEST (TESTED),NORMAL VOL,+1.0 PT,7.5 / 10 SOLID,WAIT FOR PULLBACK,IN,YES,NO,NO,,,,,,,
GMRAIRPORT,GMR Airports Ltd.,CONSUMPTION,EQUILIBRIUM,94.75,94.06 - 97.5 RD SUPPLY,7.5 A,85.71 - 100.0 DR DEMAND,3.0 C,1W DOWN • 20 EMA BEARISH,🟢 0 TESTS (FRESH),NORMAL VOL,+0.0 PTS,7.5 / 10 SOLID,WAIT FOR PULLBACK,CONFLICT,YES,YES,YES,WATCH,SUPPLY/EQ - long system me nahi | 1M SCORE <7 | SECTOR CONSUMPTION (backtest -ve),,,,,
GODREJPROP,Godrej Properties Ltd.,REALTY,EQUILIBRIUM,1669.8,1667.0 - 1708.0 RD SUPPLY,7.5 A,1427.1 - 1874.74 DR DEMAND,3.0 C,1W DOWN • 20 EMA BEARISH,🟢 0 TESTS (FRESH),NORMAL VOL,+0.0 PTS,7.5 / 10 SOLID,WAIT FOR PULLBACK,CONFLICT,YES,YES,YES,WATCH,SUPPLY/EQ - long system me nahi | 1M SCORE <7 | SECTOR REALTY (backtest -ve),,,,,
GPIL,Godawari Power & Ispat Ltd.,INFRA,DEMAND,225.46,232.2 - 239.0 RD SUPPLY,5.5 B,220.3 - 269.89 DR DEMAND,3.0 C,1W DOWN • 20 EMA BEARISH,🔴 2 TESTS (WEAK),NORMAL VOL,+2.0 PTS,7.5 / 10 SOLID,WAIT FOR PULLBACK,IN,YES,YES,NO,,,,,,,
IFCI,IFCI Ltd.,FINSERVICE,DEMAND,70.55,68.43 - 71.79 DR DEMAND,3.0 C,49.88 - 64.17 DR DEMAND,5.5 B,1W DOWN • 20 EMA BEARISH,🔴 2 TESTS (WEAK),NORMAL VOL,+2.0 PTS,7.5 / 10 SOLID,WAIT FOR PULLBACK,IN,YES,NO,NO,,,,,,,
LICI,Life Insurance Corporation of India,FINSERVICE,EQUILIBRIUM,400.65,400.5 - 408.0 RD SUPPLY,7.5 A,344.89 - 393.17 DR DEMAND,2.5 C,1W DOWN • 20 EMA BEARISH,🟢 0 TESTS (FRESH),NORMAL VOL,+0.0 PTS,7.5 / 10 SOLID,WAIT FOR PULLBACK,CONFLICT,YES,YES,YES,WATCH,SUPPLY/EQ - long system me nahi | 1M SCORE <7,,,,,
M&M,Mahindra & Mahindra Ltd.,AUTO,DEMAND,2995.0,2965.0 - 3045.0 DR DEMAND,4.5 C,3282.0 - 3534.6 RD SUPPLY,5.5 B,1W DOWN • 20 EMA BEARISH,🟡 1 TEST (TESTED),NORMAL VOL,+2.0 PTS,7.5 / 10 SOLID,WAIT FOR PULLBACK,IN,YES,NO,NO,,,,,,,
NIACL,The New India Assurance Company Ltd.,FINSERVICE,DEMAND,169.84,186.0 - 196.76 RD SUPPLY,5.5 B,117.3 - 178.93 DR DEMAND,4.0 C,1W DOWN • 20 EMA BEARISH,🟡 1 TEST (TESTED),NORMAL VOL,+2.0 PTS,7.5 / 10 SOLID,WAIT FOR PULLBACK,IN,NO,YES,NO,,,,,,,
POLYCAB,Polycab India Ltd.,INFRA,DEMAND,8191.0,8871.0 - 9209.0 RD SUPPLY,5.5 B,6658.9 - 8299.12 DR DEMAND,4.0 C,1W DOWN • 20 EMA BEARISH,🔴 2 TESTS (WEAK),NORMAL VOL,+2.0 PTS,7.5 / 10 SOLID,WAIT FOR PULLBACK,IN,YES,YES,NO,,,,,,,
SONACOMS,Sona BLW Precision Forgings Ltd.,AUTO,DEMAND,807.9,794.05 - 809.0 DR DEMAND,4.0 C,401.87 - 500.32 DR DEMAND,4.5 C,1W UP • 20 EMA BULLISH,🔴 2 TESTS (WEAK),🔥 1.8x HIGH VOL,+2.0 PTS,7.5 / 10 SOLID,WAIT FOR PULLBACK,IN,YES,NO,NO,,,,,,,
TARIL,Transformers and Rectifiers (India) Ltd.,INFRA,DEMAND,270.45,279.75 - 287.45 RD SUPPLY,5.5 B,223.85 - 328.38 DR DEMAND,4.0 C,1W DOWN • 20 EMA BEARISH,🟡 1 TEST (TESTED),NORMAL VOL,+2.0 PTS,7.5 / 10 SOLID,WAIT FOR PULLBACK,IN,YES,YES,NO,,,,,,,
TATACONSUM,Tata Consumer Products Ltd.,FMCG,DEMAND,960.0,996.0 - 1018.7 RD SUPPLY,5.5 B,896.71 - 1015.02 DR DEMAND,3.5 C,1W DOWN • 20 EMA BEARISH,🔴 3 TESTS (WEAK),NORMAL VOL,+2.0 PTS,7.5 / 10 SOLID,WAIT FOR PULLBACK,IN,YES,YES,NO,,,,,,,
THELEELA,Leela Palaces Hotels & Resorts Ltd.,CONSUMPTION,DEMAND,547.9,525.0 - 551.5 DR DEMAND,5.5 B,— NO ACTIVE ZONE —,—,1W UP • 20 EMA BULLISH,🟡 1 TEST (TESTED),NORMAL VOL,+1.0 PT,7.5 / 10 SOLID,WAIT FOR PULLBACK,IN,YES,NO,NO,,,,,,,
VEDL,Vedanta Ltd.,METAL,DEMAND,259.0,252.8 - 262.95 DR DEMAND,3.5 C,270.5 - 356.65 RD SUPPLY,5.5 B,1W DOWN • 20 EMA BEARISH,🔴 7 TESTS (WEAK),NORMAL VOL,+2.0 PTS,7.5 / 10 SOLID,WAIT FOR PULLBACK,IN,YES,YES,NO,,,,,,,
ADANIENSOL,Adani Energy Solutions Ltd.,CPSE,DEMAND,1287.9,1236.6 - 1334.8 DR DEMAND,2.5 C,1417.4 - 1676.0 RD SUPPLY,5.0 C,1W DOWN • 20 EMA BEARISH,🔴 2 TESTS (WEAK),NORMAL VOL,+2.0 PTS,7.0 / 10 SOLID,WAIT FOR PULLBACK,IN,YES,NO,NO,,,,,,,
AMBER,Amber Enterprises India Ltd.,CONSUMPTION,DEMAND,6990.0,6154.0 - 6422.0 DR DEMAND,3.0 C,5481.4 - 7347.4 DR DEMAND,6.0 B,1W DOWN • 20 EMA BEARISH,🔴 3 TESTS (WEAK),NORMAL VOL,+1.0 PT,7.0 / 10 SOLID,WAIT FOR PULLBACK,IN,NO,YES,NO,,,,,,,
ANANTRAJ,Anant Raj Ltd.,REALTY,DEMAND,607.95,594.5 - 614.8 DR DEMAND,3.5 C,419.66 - 525.19 DR DEMAND,4.0 C,1W UP • 20 EMA BULLISH,🔴 2 TESTS (WEAK),NORMAL VOL,+2.0 PTS,7.0 / 10 SOLID,WAIT FOR PULLBACK,IN,YES,NO,NO,,,,,,,
AUROPHARMA,Aurobindo Pharma Ltd.,PHARMA,DEMAND,1697.5,1692.6 - 1724.7 DR DEMAND,5.0 C,1016.1 - 1138.0 DR DEMAND,3.5 C,1W UP • 20 EMA BULLISH,🟡 1 TEST (TESTED),NORMAL VOL,+1.0 PT,7.0 / 10 SOLID,WAIT FOR PULLBACK,IN,YES,NO,NO,,,,,,,
BLUESTARCO,Blue Star Ltd.,CONSUMPTION,DEMAND,1575.4,1677.4 - 1737.6 RD SUPPLY,6.0 B,1432.3 - 1593.5 DR DEMAND,5.5 B,1W DOWN • 20 EMA BEARISH,🟢 0 TESTS (FRESH),🔥 2.5x VOL EXPLOSION,+1.0 PT,7.0 / 10 SOLID,WAIT FOR PULLBACK,IN,YES,YES,NO,,,,,,,
COROMANDEL,Coromandel International Ltd.,FMCG,EQUILIBRIUM,1899.1,1894.0 - 1954.0 RD SUPPLY,7.0 A,1704.84 - 2078.98 DR DEMAND,5.0 C,1W DOWN • 20 EMA BEARISH,🟢 0 TESTS (FRESH),NORMAL VOL,+0.0 PTS,7.0 / 10 SOLID,WAIT FOR PULLBACK,CONFLICT,YES,YES,YES,WATCH,SUPPLY/EQ - long system me nahi | 1M SCORE <7,,,,,
CRAFTSMAN,Craftsman Automation Ltd.,AUTO,DEMAND,10534.0,10509.0 - 10990.0 DR DEMAND,4.0 C,— NO ACTIVE ZONE —,—,1W UP • 20 EMA BULLISH,🟡 1 TEST (TESTED),NORMAL VOL,+2.0 PTS,7.0 / 10 SOLID,WAIT FOR PULLBACK,IN,YES,NO,NO,,,,,,,
DEEPAKFERT,Deepak Fertilisers & Petrochemicals Corp. Ltd.,FMCG,DEMAND,1350.5,1349.8 - 1389.0 DR DEMAND,5.0 C,876.6 - 1156.77 DR DEMAND,5.0 C,1W DOWN • 20 EMA BEARISH,🟡 1 TEST (TESTED),NORMAL VOL,+2.0 PTS,7.0 / 10 SOLID,WAIT FOR PULLBACK,IN,YES,NO,NO,,,,,,,
HINDZINC,Hindustan Zinc Ltd.,METAL,DEMAND,573.0,592.25 - 610.9 RD SUPPLY,5.0 C,494.32 - 621.94 DR DEMAND,5.0 C,1W DOWN • 20 EMA BEARISH,🟡 1 TEST (TESTED),NORMAL VOL,+2.0 PTS,7.0 / 10 SOLID,WAIT FOR PULLBACK,IN,YES,YES,NO,,,,,,,
HOMEFIRST,Home First Finance Company India Ltd.,FINSERVICE,DEMAND,1094.0,— NO ACTIVE ZONE —,—,917.06 - 1181.48 DR DEMAND,5.0 C,1W DOWN • 20 EMA BEARISH,🟡 1 TEST (TESTED),NORMAL VOL,+2.0 PTS,7.0 / 10 SOLID,WAIT FOR PULLBACK,IN,NO,YES,NO,,,,,,,
MAXHEALTH,Max Healthcare Institute Ltd.,HEALTHCARE,DEMAND,1000.1,980.3 - 1016.0 DR DEMAND,4.5 C,937.3 - 1186.02 DR DEMAND,3.5 C,1W DOWN • 20 EMA BEARISH,🔴 3 TESTS (WEAK),NORMAL VOL,+1.0 PT,7.0 / 10 SOLID,WAIT FOR PULLBACK,IN,YES,YES,YES,WATCH,TESTED ZONE (3 tests) | 1M SCORE <7 | 1D SCORE <7,,,,,
NAVA,Nava Ltd.,CPSE,DEMAND,547.0,584.54 - 598.51 RD SUPPLY,3.5 C,507.26 - 581.62 DR DEMAND,5.0 C,1W DOWN • 20 EMA BEARISH,🟡 1 TEST (TESTED),NORMAL VOL,+2.0 PTS,7.0 / 10 SOLID,WAIT FOR PULLBACK,IN,YES,YES,NO,,,,,,,
NBCC,NBCC (India) Ltd.,CPSE,DEMAND,80.21,88.64 - 90.03 RD SUPPLY,5.0 C,78.75 - 95.84 DR DEMAND,3.0 C,1W DOWN • 20 EMA BEARISH,🔴 2 TESTS (WEAK),NORMAL VOL,+2.0 PTS,7.0 / 10 SOLID,WAIT FOR PULLBACK,IN,NO,YES,NO,,,,,,,
OLECTRA,Olectra Greentech Ltd.,AUTO,DEMAND,1173.8,1164.01 - 1190.8 DR DEMAND,3.0 C,1296.54 - 1555.21 RD SUPPLY,5.0 C,1W DOWN • 20 EMA BEARISH,🔴 2 TESTS (WEAK),NORMAL VOL,+2.0 PTS,7.0 / 10 SOLID,WAIT FOR PULLBACK,IN,YES,NO,NO,,,,,,,
POLYMED,Poly Medicure Ltd.,HEALTHCARE,DEMAND,1636.7,1607.81 - 1672.57 DR DEMAND,4.5 C,1297.34 - 1719.48 DR DEMAND,4.5 C,1W DOWN • 20 EMA BEARISH,🔴 3 TESTS (WEAK),NORMAL VOL,+1.0 PT,7.0 / 10 SOLID,WAIT FOR PULLBACK,IN,YES,YES,YES,WATCH,TESTED ZONE (3 tests) | 1M SCORE <7 | 1D SCORE <7,,,,,
RITES,RITES Ltd.,INFRA,DEMAND,196.11,202.0 - 208.34 RD SUPPLY,5.0 C,176.61 - 222.02 DR DEMAND,4.5 C,1W DOWN • 20 EMA BEARISH,🟡 1 TEST (TESTED),NORMAL VOL,+2.0 PTS,7.0 / 10 SOLID,WAIT FOR PULLBACK,IN,YES,YES,NO,,,,,,,
SAREGAMA,Saregama India Ltd,CONSUMPTION,DEMAND,489.6,486.45 - 508.85 DR DEMAND,5.0 C,— NO ACTIVE ZONE —,—,1W UP • 20 EMA BULLISH,🟡 1 TEST (TESTED),NORMAL VOL,+1.0 PT,7.0 / 10 SOLID,WAIT FOR PULLBACK,IN,YES,NO,NO,,,,,,,
SBIN,State Bank of India,PSUBANK,DEMAND,962.0,1027.1 - 1051.3 RD SUPPLY,5.0 C,937.2 - 1055.4 DR DEMAND,5.0 C,1W DOWN • 20 EMA BEARISH,🟡 1 TEST (TESTED),NORMAL VOL,+2.0 PTS,7.0 / 10 SOLID,WAIT FOR PULLBACK,IN,YES,YES,NO,,,,,,,
TATAINVEST,Tata Investment Corporation Ltd.,FINSERVICE,DEMAND,644.45,678.0 - 700.95 RD SUPPLY,4.5 C,553.3 - 758.34 DR DEMAND,5.0 C,1W DOWN • 20 EMA BEARISH,🟡 1 TEST (TESTED),NORMAL VOL,+2.0 PTS,7.0 / 10 SOLID,WAIT FOR PULLBACK,IN,YES,YES,NO,,,,,,,
TECHNOE,Techno Electric & Engineering Company Ltd.,INFRA,EQUILIBRIUM,981.85,977.9 - 1015.0 RD SUPPLY,7.0 A,968.02 - 1207.0 DR DEMAND,4.5 C,1W DOWN • 20 EMA BEARISH,🟢 0 TESTS (FRESH),NORMAL VOL,+0.0 PTS,7.0 / 10 SOLID,WAIT FOR PULLBACK,CONFLICT,YES,YES,YES,WATCH,SUPPLY/EQ - long system me nahi | 1M SCORE <7,,,,,
TORNTPHARM,Torrent Pharmaceuticals Ltd.,PHARMA,DEMAND,4869.0,4794.5 - 4899.0 DR DEMAND,3.0 C,2855.68 - 3265.71 DR DEMAND,5.0 C,1W UP • 20 EMA BULLISH,🔴 3 TESTS (WEAK),NORMAL VOL,+1.0 PT,7.0 / 10 SOLID,WAIT FOR PULLBACK,IN,YES,NO,NO,,,,,,,
UPL,UPL Ltd.,FMCG,DEMAND,549.5,578.1 - 591.0 RD SUPPLY,5.0 C,487.97 - 606.33 DR DEMAND,3.5 C,1W DOWN • 20 EMA BEARISH,🔴 3 TESTS (WEAK),NORMAL VOL,+2.0 PTS,7.0 / 10 SOLID,WAIT FOR PULLBACK,IN,YES,YES,NO,,,,,,,
AIAENG,AIA Engineering Ltd.,INFRA,DEMAND,3841.4,3790.0 - 3998.0 DR DEMAND,4.5 C,4467.21 - 5124.74 RD SUPPLY,4.5 C,1W DOWN • 20 EMA BEARISH,🟡 1 TEST (TESTED),NORMAL VOL,+2.0 PTS,6.5 / 10 SOLID,WAIT FOR PULLBACK,IN,YES,NO,NO,,,,,,,
BDL,Bharat Dynamics Ltd.,INFRA,DEMAND,1115.0,1438.62 - 1480.7 RD SUPPLY,4.5 C,903.12 - 1369.21 DR DEMAND,2.5 C,1W DOWN • 20 EMA BEARISH,🔴 3 TESTS (WEAK),NORMAL VOL,+2.0 PTS,6.5 / 10 SOLID,WAIT FOR PULLBACK,IN,NO,YES,NO,,,,,,,
COFORGE,Coforge Ltd.,IT,EQUILIBRIUM,1773.0,1745.1 - 1788.0 DR DEMAND,2.5 C,1717.0 - 1994.2 RD SUPPLY,6.5 B,1W UP • 20 EMA BULLISH,🔴 7 TESTS (WEAK),NORMAL VOL,+0.0 PTS,6.5 / 10 SOLID,WAIT FOR PULLBACK,CONFLICT,YES,YES,YES,WATCH,SUPPLY/EQ - long system me nahi | TESTED ZONE (7 tests) | 1M SCORE <7 | 1D SCORE <7,,,,,
EIHOTEL,EIH Ltd.,CONSUMPTION,DEMAND,295.1,282.15 - 296.45 DR DEMAND,3.0 C,269.93 - 340.21 DR DEMAND,4.0 C,1W DOWN • 20 EMA BEARISH,🔴 4 TESTS (WEAK),NORMAL VOL,+1.0 PT,6.5 / 10 SOLID,WAIT FOR PULLBACK,IN,YES,YES,YES,WATCH,TESTED ZONE (4 tests) | 1M SCORE <7 | 1D SCORE <7 | SECTOR CONSUMPTION (backtest -ve),,,,,
GLENMARK,Glenmark Pharmaceuticals Ltd.,PHARMA,EQUILIBRIUM,2325.7,2249.86 - 2339.67 DR DEMAND,3.5 C,2306.3 - 2494.9 RD SUPPLY,6.5 B,1W UP • 20 EMA BULLISH,🔴 3 TESTS (WEAK),🔥 1.8x HIGH VOL,+0.0 PTS,6.5 / 10 SOLID,WAIT FOR PULLBACK,CONFLICT,YES,YES,YES,WATCH,SUPPLY/EQ - long system me nahi | TESTED ZONE (3 tests) | 1M SCORE <7 | 1D SCORE <7 | SECTOR PHARMA (backtest -ve) | HIGH VOLUME (backtest: SL 84%),,,,,
GRASIM,Grasim Industries Ltd.,INFRA,EQUILIBRIUM,3150.0,3126.06 - 3218.67 DR DEMAND,3.5 C,3125.0 - 3337.0 RD SUPPLY,6.5 B,1W UP • 20 EMA BULLISH,🔴 4 TESTS (WEAK),NORMAL VOL,+0.0 PTS,6.5 / 10 SOLID,WAIT FOR PULLBACK,CONFLICT,YES,YES,YES,WATCH,SUPPLY/EQ - long system me nahi | TESTED ZONE (4 tests) | 1M SCORE <7 | 1D SCORE <7,,,,,
ICICIBANK,ICICI Bank Ltd.,BANK,DEMAND,1302.0,— NO ACTIVE ZONE —,—,1184.94 - 1351.1 DR DEMAND,4.5 C,1W DOWN • 20 EMA BEARISH,🔴 4 TESTS (WEAK),NORMAL VOL,+2.0 PTS,6.5 / 10 SOLID,WAIT FOR PULLBACK,IN,NO,YES,NO,,,,,,,
IGL,Indraprastha Gas Ltd.,OIL,DEMAND,143.44,154.5 - 157.0 RD SUPPLY,4.5 C,141.74 - 173.29 DR DEMAND,4.0 C,1W DOWN • 20 EMA BEARISH,🟡 1 TEST (TESTED),NORMAL VOL,+2.0 PTS,6.5 / 10 SOLID,WAIT FOR PULLBACK,IN,YES,YES,NO,,,,,,,
INDUSINDBK,IndusInd Bank Ltd.,BANK,DEMAND,909.7,898.69 - 932.39 DR DEMAND,2.5 C,635.97 - 850.62 DR DEMAND,4.5 C,1W DOWN • 20 EMA BEARISH,🔴 2 TESTS (WEAK),NORMAL VOL,+2.0 PTS,6.5 / 10 SOLID,WAIT FOR PULLBACK,IN,YES,YES,NO,,,,,,,
MCX,Multi Commodity Exchange of India Ltd.,FINSERVICE,DEMAND,3263.5,3165.6 - 3287.4 DR DEMAND,3.5 C,— NO ACTIVE ZONE —,—,1W UP • 20 EMA BULLISH,🔴 5 TESTS (WEAK),NORMAL VOL,+2.0 PTS,6.5 / 10 SOLID,WAIT FOR PULLBACK,IN,YES,NO,NO,,,,,,,
MGL,Mahanagar Gas Ltd.,OIL,DEMAND,1048.8,1081.0 - 1109.0 RD SUPPLY,3.5 C,909.42 - 1158.83 DR DEMAND,4.5 C,1W DOWN • 20 EMA BEARISH,🟡 1 TEST (TESTED),NORMAL VOL,+2.0 PTS,6.5 / 10 SOLID,WAIT FOR PULLBACK,IN,YES,YES,NO,,,,,,,
MINDACORP,Minda Corporation Ltd.,AUTO,DEMAND,673.0,649.27 - 678.19 DR DEMAND,3.0 C,451.85 - 552.3 DR DEMAND,3.5 C,1W UP • 20 EMA BULLISH,🔴 4 TESTS (WEAK),NORMAL VOL,+2.0 PTS,6.5 / 10 SOLID,WAIT FOR PULLBACK,IN,YES,NO,NO,,,,,,,
NATIONALUM,National Aluminium Co. Ltd.,METAL,EQUILIBRIUM,349.0,331.16 - 345.22 DR DEMAND,3.0 C,344.35 - 386.0 RD SUPPLY,6.5 B,1W DOWN • 20 EMA BEARISH,🟢 0 TESTS (FRESH),NORMAL VOL,+0.0 PTS,6.5 / 10 SOLID,WAIT FOR PULLBACK,CONFLICT,YES,YES,YES,WATCH,SUPPLY/EQ - long system me nahi | 1M SCORE <7 | 1D SCORE <7 | SECTOR METAL (backtest -ve),,,,,
NYKAA,FSN E-Commerce Ventures Ltd.,CONSUMPTION,EQUILIBRIUM,325.5,320.3 - 329.9 DR DEMAND,2.5 C,322.7 - 347.15 RD SUPPLY,6.5 B,1W UP • 20 EMA BULLISH,🔴 4 TESTS (WEAK),NORMAL VOL,+0.0 PTS,6.5 / 10 SOLID,WAIT FOR PULLBACK,CONFLICT,YES,YES,YES,WATCH,SUPPLY/EQ - long system me nahi | TESTED ZONE (4 tests) | 1M SCORE <7 | 1D SCORE <7 | SECTOR CONSUMPTION (backtest -ve),,,,,
OFSS,Oracle Financial Services Software Ltd.,IT,EQUILIBRIUM,10800.0,10600.0 - 10995.0 DR DEMAND,6.5 B,10332.0 - 12353.0 RD SUPPLY,6.5 B,1W DOWN • 20 EMA BEARISH,🟢 0 TESTS (FRESH),NORMAL VOL,+0.0 PTS,6.5 / 10 SOLID,WAIT FOR PULLBACK,CONFLICT,YES,YES,YES,WATCH,SUPPLY/EQ - long system me nahi | 1M SCORE <7 | 1D SCORE <7,,,,,
PERSISTENT,Persistent Systems Ltd.,IT,DEMAND,5328.5,4947.91 - 5199.74 DR DEMAND,5.0 C,4296.78 - 5698.0 DR DEMAND,5.5 B,1W DOWN • 20 EMA BEARISH,🟡 1 TEST (TESTED),NORMAL VOL,+1.0 PT,6.5 / 10 SOLID,WAIT FOR PULLBACK,IN,YES,YES,NO,,,,,,,
PVRINOX,PVR INOX Ltd.,CONSUMPTION,DEMAND,1225.0,1159.9 - 1227.0 DR DEMAND,3.0 C,915.05 - 1099.0 DR DEMAND,4.5 C,1W UP • 20 EMA BULLISH,🔴 3 TESTS (WEAK),NORMAL VOL,+1.0 PT,6.5 / 10 SOLID,WAIT FOR PULLBACK,IN,YES,NO,NO,,,,,,,
TCS,Tata Consultancy Services Ltd.,IT,DEMAND,2070.7,2037.83 - 2111.12 DR DEMAND,3.0 C,1966.02 - 2495.0 DR DEMAND,4.0 C,1W DOWN • 20 EMA BEARISH,🔴 2 TESTS (WEAK),NORMAL VOL,+1.0 PT,6.5 / 10 SOLID,WAIT FOR PULLBACK,IN,YES,YES,YES,WATCH,TESTED ZONE (2 tests) | 1M SCORE <7 | 1D SCORE <7,,,,,
TECHM,Tech Mahindra Ltd.,IT,DEMAND,1542.2,1525.1 - 1560.6 DR DEMAND,4.5 C,— NO ACTIVE ZONE —,—,1W UP • 20 EMA BULLISH,🟡 1 TEST (TESTED),NORMAL VOL,+1.0 PT,6.5 / 10 SOLID,WAIT FOR PULLBACK,IN,YES,NO,NO,,,,,,,
TITAGARH,Titagarh Rail Systems Ltd.,INFRA,DEMAND,818.65,789.05 - 838.99 DR DEMAND,3.0 C,583.9 - 804.04 DR DEMAND,3.0 C,1W DOWN • 20 EMA BEARISH,🔴 10 TESTS (WEAK),NORMAL VOL,+2.0 PTS,6.5 / 10 SOLID,WAIT FOR PULLBACK,IN,YES,YES,YES,WATCH,TESTED ZONE (10 tests) | 1M SCORE <7 | 1D SCORE <7,,,,,
APTUS,Aptus Value Housing Finance India Ltd.,FINSERVICE,EQUILIBRIUM,237.47,238.81 - 248.0 RD SUPPLY,6.0 B,192.3 - 265.42 DR DEMAND,4.5 C,1W DOWN • 20 EMA BEARISH,🟡 1 TEST (TESTED),NORMAL VOL,+0.0 PTS,6.0 / 10 SOLID,WAIT FOR PULLBACK,CONFLICT,YES,YES,YES,WATCH,SUPPLY/EQ - long system me nahi | TESTED ZONE (1 tests) | 1M SCORE <7 | 1D SCORE <7,,,,,
ATUL,Atul Ltd.,FMCG,EQUILIBRIUM,5991.0,6095.0 - 6199.0 RD SUPPLY,6.0 B,5226.67 - 6218.7 DR DEMAND,3.5 C,1W DOWN • 20 EMA BEARISH,🔴 3 TESTS (WEAK),NORMAL VOL,+0.0 PTS,6.0 / 10 SOLID,WAIT FOR PULLBACK,CONFLICT,YES,YES,YES,WATCH,SUPPLY/EQ - long system me nahi | TESTED ZONE (3 tests) | 1M SCORE <7 | 1D SCORE <7,,,,,
BHEL,Bharat Heavy Electricals Ltd.,CPSE,EQUILIBRIUM,411.9,410.8 - 430.75 DR DEMAND,6.0 B,406.0 - 439.9 RD SUPPLY,6.0 B,1W UP • 20 EMA BULLISH,🟡 1 TEST (TESTED),NORMAL VOL,+0.0 PTS,6.0 / 10 SOLID,WAIT FOR PULLBACK,CONFLICT,YES,YES,YES,WATCH,SUPPLY/EQ - long system me nahi | TESTED ZONE (1 tests) | 1M SCORE <7 | 1D SCORE <7 | SECTOR CPSE (backtest -ve),,,,,
CGCL,Capri Global Capital Ltd.,FINSERVICE,DEMAND,248.9,243.92 - 263.37 DR DEMAND,3.0 C,— NO ACTIVE ZONE —,—,1W UP • 20 EMA BULLISH,🔴 4 TESTS (WEAK),NORMAL VOL,+2.0 PTS,6.0 / 10 SOLID,WAIT FOR PULLBACK,IN,YES,NO,NO,,,,,,,
EIDPARRY,E.I.D. Parry (India) Ltd.,FMCG,DEMAND,706.45,808.25 - 828.0 RD SUPPLY,4.0 C,639.0 - 799.9 DR DEMAND,3.5 C,1W DOWN • 20 EMA BEARISH,🔴 2 TESTS (WEAK),NORMAL VOL,+2.0 PTS,6.0 / 10 SOLID,WAIT FOR PULLBACK,IN,NO,YES,NO,,,,,,,
EMCURE,Emcure Pharmaceuticals Ltd.,PHARMA,EQUILIBRIUM,1927.8,1874.7 - 1935.0 DR DEMAND,3.5 C,1826.55 - 2044.02 RD SUPPLY,6.0 B,1W UP • 20 EMA BULLISH,🔴 3 TESTS (WEAK),NORMAL VOL,+0.0 PTS,6.0 / 10 SOLID,WAIT FOR PULLBACK,CONFLICT,YES,YES,YES,WATCH,SUPPLY/EQ - long system me nahi | TESTED ZONE (3 tests) | 1M SCORE <7 | 1D SCORE <7 | SECTOR PHARMA (backtest -ve),,,,,
ENDURANCE,Endurance Technologies Ltd.,AUTO,DEMAND,2700.4,2605.27 - 2728.86 DR DEMAND,3.5 C,1661.59 - 2007.55 DR DEMAND,4.0 C,1W DOWN • 20 EMA BEARISH,🔴 3 TESTS (WEAK),NORMAL VOL,+2.0 PTS,6.0 / 10 SOLID,WAIT FOR PULLBACK,IN,YES,NO,NO,,,,,,,
FORTIS,Fortis Healthcare Ltd.,HEALTHCARE,DEMAND,830.75,906.3 - 927.8 RD SUPPLY,3.5 C,765.99 - 963.48 DR DEMAND,5.0 C,1W DOWN • 20 EMA BEARISH,🟡 1 TEST (TESTED),🔥 1.8x HIGH VOL,+1.0 PT,6.0 / 10 SOLID,WAIT FOR PULLBACK,IN,NO,YES,NO,,,,,,,
INDHOTEL,Indian Hotels Co. Ltd.,CONSUMPTION,DEMAND,711.0,706.05 - 727.7 DR DEMAND,4.0 C,739.52 - 877.35 RD SUPPLY,3.0 C,1W UP • 20 EMA BULLISH,🔴 2 TESTS (WEAK),NORMAL VOL,+1.0 PT,6.0 / 10 SOLID,WAIT FOR PULLBACK,IN,YES,YES,NO,,,,,,,
IOB,Indian Overseas Bank,PSUBANK,DEMAND,31.74,33.02 - 33.63 RD SUPPLY,4.0 C,31.41 - 36.39 DR DEMAND,4.0 C,1W DOWN • 20 EMA BEARISH,🟡 1 TEST (TESTED),NORMAL VOL,+2.0 PTS,6.0 / 10 SOLID,WAIT FOR PULLBACK,IN,YES,YES,NO,,,,,,,
JSWDULUX,JSW Dulux Ltd.,CONSUMPTION,EQUILIBRIUM,3169.8,3149.7 - 3230.0 RD SUPPLY,6.0 B,2938.8 - 3214.0 DR DEMAND,5.5 B,1W UP • 20 EMA BULLISH,🟢 0 TESTS (FRESH),NORMAL VOL,+0.0 PTS,6.0 / 10 SOLID,WAIT FOR PULLBACK,CONFLICT,YES,YES,YES,WATCH,SUPPLY/EQ - long system me nahi | 1M SCORE <7 | 1D SCORE <7 | SECTOR CONSUMPTION (backtest -ve),,,,,
JSWENERGY,JSW Energy Ltd.,CPSE,DEMAND,495.0,454.45 - 468.41 DR DEMAND,4.0 C,445.96 - 574.77 DR DEMAND,2.5 C,1W DOWN • 20 EMA BEARISH,🔴 3 TESTS (WEAK),NORMAL VOL,+2.0 PTS,6.0 / 10 SOLID,WAIT FOR PULLBACK,IN,YES,YES,NO,,,,,,,
LUPIN,Lupin Ltd.,HEALTHCARE,DEMAND,2062.0,2137.6 - 2190.2 RD SUPPLY,5.0 C,1865.93 - 2106.53 DR DEMAND,3.0 C,1W DOWN • 20 EMA BEARISH,🔴 3 TESTS (WEAK),NORMAL VOL,+1.0 PT,6.0 / 10 SOLID,WAIT FOR PULLBACK,IN,YES,YES,NO,,,,,,,
NETWEB,Netweb Technologies India Ltd.,IT,EQUILIBRIUM,4566.5,4249.35 - 4595.14 DR DEMAND,3.0 C,4388.0 - 5424.0 RD SUPPLY,6.0 B,1W DOWN • 20 EMA BEARISH,🔴 3 TESTS (WEAK),NORMAL VOL,+0.0 PTS,6.0 / 10 SOLID,WAIT FOR PULLBACK,CONFLICT,YES,YES,YES,WATCH,SUPPLY/EQ - long system me nahi | TESTED ZONE (3 tests) | 1M SCORE <7 | 1D SCORE <7,,,,,
POWERGRID,Power Grid Corporation of India Ltd.,CPSE,EQUILIBRIUM,261.85,265.75 - 270.9 RD SUPPLY,4.5 C,239.52 - 286.51 DR DEMAND,6.0 B,1W DOWN • 20 EMA BEARISH,🟡 1 TEST (TESTED),NORMAL VOL,+0.0 PTS,6.0 / 10 SOLID,WAIT FOR PULLBACK,CONFLICT,YES,YES,YES,WATCH,SUPPLY/EQ - long system me nahi | TESTED ZONE (1 tests) | 1M SCORE <7 | 1D SCORE <7 | SECTOR CPSE (backtest -ve),,,,,
PPLPHARMA,Piramal Pharma Ltd.,PHARMA,DEMAND,206.59,200.1 - 211.6 DR DEMAND,3.0 C,136.26 - 171.65 DR DEMAND,4.0 C,1W UP • 20 EMA BULLISH,🔴 6 TESTS (WEAK),NORMAL VOL,+1.0 PT,6.0 / 10 SOLID,WAIT FOR PULLBACK,IN,YES,NO,NO,,,,,,,
RAILTEL,Railtel Corporation Of India Ltd.,CONSUMPTION,DEMAND,256.15,270.5 - 275.05 RD SUPPLY,5.0 C,251.5 - 352.35 DR DEMAND,4.0 C,1W DOWN • 20 EMA BEARISH,🟡 1 TEST (TESTED),NORMAL VOL,+1.0 PT,6.0 / 10 SOLID,WAIT FOR PULLBACK,IN,YES,YES,NO,,,,,,,
RAMCOCEM,The Ramco Cements Ltd.,INFRA,DEMAND,848.65,927.57 - 954.4 RD SUPPLY,3.5 C,784.7 - 907.95 DR DEMAND,4.0 C,1W DOWN • 20 EMA BEARISH,🔴 2 TESTS (WEAK),NORMAL VOL,+2.0 PTS,6.0 / 10 SOLID,WAIT FOR PULLBACK,IN,NO,YES,NO,,,,,,,
SUNTV,Sun TV Network Ltd.,CONSUMPTION,EQUILIBRIUM,519.9,511.61 - 527.39 RD SUPPLY,4.5 C,447.2 - 533.0 DR DEMAND,6.0 B,1W UP • 20 EMA BULLISH,🔴 9 TESTS (WEAK),NORMAL VOL,+0.0 PTS,6.0 / 10 SOLID,WAIT FOR PULLBACK,CONFLICT,YES,YES,YES,WATCH,SUPPLY/EQ - long system me nahi | TESTED ZONE (9 tests) | 1M SCORE <7 | 1D SCORE <7 | SECTOR CONSUMPTION (backtest -ve),,,,,
UNOMINDA,UNO Minda Ltd.,AUTO,EQUILIBRIUM,1173.0,1160.0 - 1188.3 DR DEMAND,3.5 C,1159.7 - 1307.5 RD SUPPLY,6.0 B,1W DOWN • 20 EMA BEARISH,🔴 2 TESTS (WEAK),NORMAL VOL,+0.0 PTS,6.0 / 10 SOLID,WAIT FOR PULLBACK,CONFLICT,YES,YES,YES,WATCH,SUPPLY/EQ - long system me nahi | TESTED ZONE (2 tests) | 1M SCORE <7 | 1D SCORE <7,,,,,
APOLLOTYRE,Apollo Tyres Ltd.,AUTO,DEMAND,389.6,443.46 - 456.34 RD SUPPLY,3.5 C,362.36 - 430.51 DR DEMAND,2.5 C,1W DOWN • 20 EMA BEARISH,🔴 4 TESTS (WEAK),NORMAL VOL,+2.0 PTS,5.5 / 10 SOLID,WAIT FOR PULLBACK,IN,NO,YES,NO,,,,,,,
ASAHIINDIA,Asahi India Glass Ltd.,AUTO,DEMAND,933.55,932.93 - 968.86 DR DEMAND,2.5 C,— NO ACTIVE ZONE —,—,1W UP • 20 EMA BULLISH,🔴 4 TESTS (WEAK),NORMAL VOL,+2.0 PTS,5.5 / 10 SOLID,WAIT FOR PULLBACK,IN,YES,NO,NO,,,,,,,
BAJAJHFL,Bajaj Housing Finance Ltd.,FINSERVICE,EQUILIBRIUM,82.52,83.84 - 85.47 RD SUPPLY,5.5 B,74.31 - 93.0 DR DEMAND,4.0 C,1W DOWN • 20 EMA BEARISH,🟡 1 TEST (TESTED),NORMAL VOL,+0.0 PTS,5.5 / 10 SOLID,WAIT FOR PULLBACK,CONFLICT,YES,YES,YES,WATCH,SUPPLY/EQ - long system me nahi | TESTED ZONE (1 tests) | 1M SCORE <7 | 1D SCORE <7,,,,,
BATAINDIA,Bata India Ltd.,CONSUMPTION,EQUILIBRIUM,624.7,626.0 - 638.95 RD SUPPLY,5.5 B,584.08 - 743.46 DR DEMAND,4.0 C,1W DOWN • 20 EMA BEARISH,🟡 1 TEST (TESTED),NORMAL VOL,+0.0 PTS,5.5 / 10 SOLID,WAIT FOR PULLBACK,CONFLICT,YES,YES,YES,WATCH,SUPPLY/EQ - long system me nahi | TESTED ZONE (1 tests) | 1M SCORE <7 | 1D SCORE <7 | SECTOR CONSUMPTION (backtest -ve),,,,,
CROMPTON,Crompton Greaves Consumer Electricals Ltd.,CONSUMPTION,DEMAND,218.8,230.2 - 235.77 RD SUPPLY,4.5 C,216.55 - 271.5 DR DEMAND,4.5 C,1W DOWN • 20 EMA BEARISH,🟡 1 TEST (TESTED),NORMAL VOL,+1.0 PT,5.5 / 10 SOLID,WAIT FOR PULLBACK,IN,YES,YES,NO,,,,,,,
HUDCO,Housing & Urban Development Corporation Ltd.,CPSE,DEMAND,168.66,230.28 - 237.75 RD SUPPLY,3.5 C,151.47 - 203.71 DR DEMAND,3.5 C,1W DOWN • 20 EMA BEARISH,🔴 3 TESTS (WEAK),NORMAL VOL,+2.0 PTS,5.5 / 10 SOLID,WAIT FOR PULLBACK,IN,NO,YES,NO,,,,,,,
INTELLECT,Intellect Design Arena Ltd.,IT,DEMAND,631.55,602.15 - 638.55 DR DEMAND,4.5 C,— NO ACTIVE ZONE —,—,1W DOWN • 20 EMA BEARISH,🔴 3 TESTS (WEAK),NORMAL VOL,+1.0 PT,5.5 / 10 SOLID,WAIT FOR PULLBACK,IN,YES,NO,NO,,,,,,,
JKCEMENT,J.K. Cement Ltd.,INFRA,EQUILIBRIUM,4993.5,4985.0 - 5165.0 RD SUPPLY,5.5 B,4193.16 - 5081.31 DR DEMAND,3.0 C,1W DOWN • 20 EMA BEARISH,🟡 1 TEST (TESTED),NORMAL VOL,+0.0 PTS,5.5 / 10 SOLID,WAIT FOR PULLBACK,CONFLICT,YES,YES,YES,WATCH,SUPPLY/EQ - long system me nahi | TESTED ZONE (1 tests) | 1M SCORE <7 | 1D SCORE <7,,,,,
LTM,LTM Ltd.,IT,DEMAND,4091.4,4512.9 - 4690.0 RD SUPPLY,4.0 C,3535.2 - 4518.7 DR DEMAND,4.5 C,1W DOWN • 20 EMA BEARISH,🟡 1 TEST (TESTED),NORMAL VOL,+1.0 PT,5.5 / 10 SOLID,WAIT FOR PULLBACK,IN,NO,YES,NO,,,,,,,
NSLNISP,NMDC Steel Ltd.,METAL,EQUILIBRIUM,41.78,42.43 - 44.18 RD SUPPLY,5.0 C,34.07 - 43.54 DR DEMAND,5.5 B,1W DOWN • 20 EMA BEARISH,🟡 1 TEST (TESTED),NORMAL VOL,+0.0 PTS,5.5 / 10 SOLID,WAIT FOR PULLBACK,CONFLICT,YES,YES,YES,WATCH,SUPPLY/EQ - long system me nahi | TESTED ZONE (1 tests) | 1M SCORE <7 | 1D SCORE <7 | SECTOR METAL (backtest -ve),,,,,
SOBHA,Sobha Ltd.,REALTY,EQUILIBRIUM,1218.7,1221.8 - 1248.4 RD SUPPLY,5.5 B,1125.39 - 1461.01 DR DEMAND,4.0 C,1W DOWN • 20 EMA BEARISH,🟡 1 TEST (TESTED),NORMAL VOL,+0.0 PTS,5.5 / 10 SOLID,WAIT FOR PULLBACK,CONFLICT,YES,YES,YES,WATCH,SUPPLY/EQ - long system me nahi | TESTED ZONE (1 tests) | 1M SCORE <7 | 1D SCORE <7 | SECTOR REALTY (backtest -ve),,,,,
TENNIND,Tenneco Clean Air India Ltd.,AUTO,DEMAND,502.15,501.0 - 517.65 DR DEMAND,3.5 C,— NO ACTIVE ZONE —,—,1W DOWN • 20 EMA BEARISH,🔴 6 TESTS (WEAK),NORMAL VOL,+2.0 PTS,5.5 / 10 SOLID,WAIT FOR PULLBACK,IN,YES,NO,NO,,,,,,,
TIINDIA,Tube Investments of India Ltd.,AUTO,DEMAND,2459.0,— NO ACTIVE ZONE —,—,2265.15 - 2766.49 DR DEMAND,3.5 C,1W DOWN • 20 EMA BEARISH,🔴 2 TESTS (WEAK),NORMAL VOL,+2.0 PTS,5.5 / 10 SOLID,WAIT FOR PULLBACK,IN,NO,YES,NO,,,,,,,
TRENT,Trent Ltd.,CONSUMPTION,DEMAND,2626.0,2945.0 - 2989.9 RD SUPPLY,4.5 C,2261.99 - 2994.24 DR DEMAND,4.0 C,1W DOWN • 20 EMA BEARISH,🟡 1 TEST (TESTED),NORMAL VOL,+1.0 PT,5.5 / 10 SOLID,WAIT FOR PULLBACK,IN,NO,YES,NO,,,,,,,
TRIDENT,Trident Ltd.,CONSUMPTION,DEMAND,22.93,22.92 - 23.54 DR DEMAND,4.5 C,— NO ACTIVE ZONE —,—,1W DOWN • 20 EMA BEARISH,🟡 1 TEST (TESTED),NORMAL VOL,+1.0 PT,5.5 / 10 SOLID,WAIT FOR PULLBACK,IN,YES,NO,NO,,,,,,,
AWL,AWL Agri Business Ltd.,FMCG,DEMAND,180.66,176.89 - 183.9 DR DEMAND,3.0 C,— NO ACTIVE ZONE —,—,1W DOWN • 20 EMA BEARISH,🔴 7 TESTS (WEAK),NORMAL VOL,+2.0 PTS,5.0 / 10 SOLID,WAIT FOR PULLBACK,IN,YES,NO,NO,,,,,,,
EMAMILTD,Emami Ltd.,FMCG,EQUILIBRIUM,388.75,370.5 - 382.4 DR DEMAND,3.5 C,393.3 - 464.15 RD SUPPLY,5.0 C,1W DOWN • 20 EMA BEARISH,🟡 1 TEST (TESTED),NORMAL VOL,+0.0 PTS,5.0 / 10 SOLID,WAIT FOR PULLBACK,CONFLICT,YES,YES,YES,WATCH,SUPPLY/EQ - long system me nahi | TESTED ZONE (1 tests) | 1M SCORE <7 | 1D SCORE <7,,,,,
FIVESTAR,Five-Star Business Finance Ltd.,FINSERVICE,EQUILIBRIUM,518.35,516.35 - 540.0 RD SUPPLY,5.0 C,347.54 - 526.04 DR DEMAND,4.0 C,1W UP • 20 EMA BULLISH,🟡 1 TEST (TESTED),NORMAL VOL,+0.0 PTS,5.0 / 10 SOLID,WAIT FOR PULLBACK,CONFLICT,YES,YES,YES,WATCH,SUPPLY/EQ - long system me nahi | TESTED ZONE (1 tests) | 1M SCORE <7 | 1D SCORE <7,,,,,
GALLANTT,Gallantt Ispat Ltd.,INFRA,DEMAND,536.55,520.09 - 545.24 DR DEMAND,3.0 C,— NO ACTIVE ZONE —,—,1W DOWN • 20 EMA BEARISH,🔴 3 TESTS (WEAK),NORMAL VOL,+2.0 PTS,5.0 / 10 SOLID,WAIT FOR PULLBACK,IN,YES,NO,NO,,,,,,,
INFY,Infosys Ltd.,IT,DEMAND,1003.2,— NO ACTIVE ZONE —,—,982.4 - 1187.7 DR DEMAND,4.0 C,1W DOWN • 20 EMA BEARISH,🟡 1 TEST (TESTED),NORMAL VOL,+1.0 PT,5.0 / 10 SOLID,WAIT FOR PULLBACK,IN,NO,YES,NO,,,,,,,
JMFINANCIL,JM Financial Ltd.,FINSERVICE,DEMAND,125.25,116.17 - 122.0 DR DEMAND,3.0 C,113.65 - 141.64 DR DEMAND,2.5 C,1W DOWN • 20 EMA BEARISH,🔴 2 TESTS (WEAK),NORMAL VOL,+2.0 PTS,5.0 / 10 SOLID,WAIT FOR PULLBACK,IN,YES,YES,NO,,,,,,,
JSWSTEEL,JSW Steel Ltd.,METAL,EQUILIBRIUM,1264.1,1272.2 - 1298.4 RD SUPPLY,5.0 C,1100.08 - 1299.34 DR DEMAND,5.0 C,1W DOWN • 20 EMA BEARISH,🟡 1 TEST (TESTED),NORMAL VOL,+0.0 PTS,5.0 / 10 SOLID,WAIT FOR PULLBACK,CONFLICT,YES,YES,YES,WATCH,SUPPLY/EQ - long system me nahi | TESTED ZONE (1 tests) | 1M SCORE <7 | 1D SCORE <7 | SECTOR METAL (backtest -ve),,,,,
MARICO,Marico Ltd.,FMCG,EQUILIBRIUM,813.25,804.25 - 829.75 DR DEMAND,5.0 C,820.0 - 881.35 RD SUPPLY,4.5 C,1W DOWN • 20 EMA BEARISH,🟡 1 TEST (TESTED),NORMAL VOL,+0.0 PTS,5.0 / 10 SOLID,WAIT FOR PULLBACK,CONFLICT,YES,YES,YES,WATCH,SUPPLY/EQ - long system me nahi | TESTED ZONE (1 tests) | 1M SCORE <7 | 1D SCORE <7,,,,,
SAMMAANCAP,Sammaan Capital Ltd.,FINSERVICE,EQUILIBRIUM,138.82,140.0 - 144.42 RD SUPPLY,5.0 C,134.75 - 181.25 DR DEMAND,5.0 C,1W DOWN • 20 EMA BEARISH,🟡 1 TEST (TESTED),NORMAL VOL,+0.0 PTS,5.0 / 10 SOLID,WAIT FOR PULLBACK,CONFLICT,YES,YES,YES,WATCH,SUPPLY/EQ - long system me nahi | TESTED ZONE (1 tests) | 1M SCORE <7 | 1D SCORE <7,,,,,
SCHNEIDER,Schneider Electric Infrastructure Ltd.,INFRA,DEMAND,1188.2,1186.4 - 1235.3 DR DEMAND,2.5 C,540.0 - 791.4 DR DEMAND,3.0 C,1W DOWN • 20 EMA BEARISH,🔴 2 TESTS (WEAK),NORMAL VOL,+2.0 PTS,5.0 / 10 SOLID,WAIT FOR PULLBACK,IN,YES,NO,NO,,,,,,,
TORNTPOWER,Torrent Power Ltd.,CPSE,DEMAND,1237.2,1469.91 - 1538.57 RD SUPPLY,3.0 C,1171.76 - 1322.57 DR DEMAND,3.0 C,1W DOWN • 20 EMA BEARISH,🔴 2 TESTS (WEAK),NORMAL VOL,+2.0 PTS,5.0 / 10 SOLID,WAIT FOR PULLBACK,IN,NO,YES,NO,,,,,,,
TTML,Tata Teleservices (Maharashtra) Ltd.,CONSUMPTION,EQUILIBRIUM,36.19,35.56 - 36.33 RD SUPPLY,5.0 C,32.54 - 49.74 DR DEMAND,4.0 C,1W DOWN • 20 EMA BEARISH,🟡 1 TEST (TESTED),🔥 2.5x VOL EXPLOSION,+0.0 PTS,5.0 / 10 SOLID,WAIT FOR PULLBACK,CONFLICT,YES,YES,YES,WATCH,SUPPLY/EQ - long system me nahi | TESTED ZONE (1 tests) | 1M SCORE <7 | 1D SCORE <7 | SECTOR CONSUMPTION (backtest -ve),,,,,
ULTRACEMCO,UltraTech Cement Ltd.,INFRA,DEMAND,11025.0,— NO ACTIVE ZONE —,—,9971.96 - 11392.77 DR DEMAND,3.0 C,1W DOWN • 20 EMA BEARISH,🔴 4 TESTS (WEAK),NORMAL VOL,+2.0 PTS,5.0 / 10 SOLID,WAIT FOR PULLBACK,IN,NO,YES,NO,,,,,,,
UTIAMC,UTI Asset Management Company Ltd.,FINSERVICE,DEMAND,893.9,1000.64 - 1033.17 RD SUPPLY,3.0 C,841.61 - 1021.37 DR DEMAND,3.0 C,1W DOWN • 20 EMA BEARISH,🔴 2 TESTS (WEAK),NORMAL VOL,+2.0 PTS,5.0 / 10 SOLID,WAIT FOR PULLBACK,IN,NO,YES,NO,,,,,,,
ZEEL,Zee Entertainment Enterprises Ltd.,CONSUMPTION,EQUILIBRIUM,76.5,77.82 - 80.19 RD SUPPLY,5.0 C,70.42 - 92.15 DR DEMAND,2.5 C,1W DOWN • 20 EMA BEARISH,🔴 2 TESTS (WEAK),NORMAL VOL,+0.0 PTS,5.0 / 10 SOLID,WAIT FOR PULLBACK,CONFLICT,YES,YES,YES,WATCH,SUPPLY/EQ - long system me nahi | TESTED ZONE (2 tests) | 1M SCORE <7 | 1D SCORE <7 | SECTOR CONSUMPTION (backtest -ve),,,,,
BHARTIHEXA,Bharti Hexacom Ltd.,CONSUMPTION,DEMAND,1426.5,1419.68 - 1483.18 DR DEMAND,3.5 C,— NO ACTIVE ZONE —,—,1W DOWN • 20 EMA BEARISH,🔴 5 TESTS (WEAK),NORMAL VOL,+1.0 PT,4.5 / 10 SOLID,WAIT FOR PULLBACK,IN,YES,NO,NO,,,,,,,
CHOLAHLDNG,Cholamandalam Financial Holdings Ltd.,FINSERVICE,DEMAND,1390.4,1617.8 - 1658.0 RD SUPPLY,2.5 C,1358.29 - 1595.14 DR DEMAND,2.5 C,1W DOWN • 20 EMA BEARISH,🔴 3 TESTS (WEAK),NORMAL VOL,+2.0 PTS,4.5 / 10 SOLID,WAIT FOR PULLBACK,IN,NO,YES,NO,,,,,,,
ICICIPRULI,ICICI Prudential Life Insurance Company Ltd.,FINSERVICE,DEMAND,458.7,456.95 - 474.0 DR DEMAND,2.5 C,— NO ACTIVE ZONE —,—,1W DOWN • 20 EMA BEARISH,🔴 2 TESTS (WEAK),NORMAL VOL,+2.0 PTS,4.5 / 10 SOLID,WAIT FOR PULLBACK,IN,YES,NO,NO,,,,,,,
JUBLINGREA,Jubilant Ingrevia Ltd.,FMCG,EQUILIBRIUM,654.8,625.0 - 643.9 DR DEMAND,4.5 C,633.87 - 766.92 RD SUPPLY,2.5 C,1W DOWN • 20 EMA BEARISH,🔴 2 TESTS (WEAK),🔥 1.8x HIGH VOL,+0.0 PTS,4.5 / 10 SOLID,WAIT FOR PULLBACK,CONFLICT,YES,YES,YES,WATCH,SUPPLY/EQ - long system me nahi | TESTED ZONE (2 tests) | 1M SCORE <7 | 1D SCORE <7 | HIGH VOLUME (backtest: SL 84%),,,,,
NATCOPHARM,NATCO Pharma Ltd.,PHARMA,DEMAND,828.55,— NO ACTIVE ZONE —,—,807.81 - 997.31 DR DEMAND,3.5 C,1W DOWN • 20 EMA BEARISH,🔴 2 TESTS (WEAK),NORMAL VOL,+1.0 PT,4.5 / 10 SOLID,WAIT FOR PULLBACK,IN,NO,YES,NO,,,,,,,
TRAVELFOOD,Travel Food Services Ltd.,CONSUMPTION,DEMAND,1203.0,1165.7 - 1239.61 DR DEMAND,3.5 C,— NO ACTIVE ZONE —,—,1W DOWN • 20 EMA BEARISH,🔴 2 TESTS (WEAK),NORMAL VOL,+1.0 PT,4.5 / 10 SOLID,WAIT FOR PULLBACK,IN,YES,NO,NO,,,,,,,
UNIONBANK,Union Bank of India,PSUBANK,EQUILIBRIUM,171.75,168.14 - 171.94 DR DEMAND,4.5 C,158.4 - 195.43 RD SUPPLY,4.5 C,1W DOWN • 20 EMA BEARISH,🔴 2 TESTS (WEAK),NORMAL VOL,+0.0 PTS,4.5 / 10 SOLID,WAIT FOR PULLBACK,CONFLICT,YES,YES,YES,WATCH,SUPPLY/EQ - long system me nahi | TESTED ZONE (2 tests) | 1M SCORE <7 | 1D SCORE <7 | SECTOR PSUBANK (backtest -ve),,,,,
VTL,Vardhman Textiles Ltd.,CONSUMPTION,DEMAND,540.55,539.43 - 555.09 DR DEMAND,3.5 C,— NO ACTIVE ZONE —,—,1W DOWN • 20 EMA BEARISH,🔴 4 TESTS (WEAK),NORMAL VOL,+1.0 PT,4.5 / 10 SOLID,WAIT FOR PULLBACK,IN,YES,NO,NO,,,,,,,
ABSLAMC,Aditya Birla Sun Life AMC Ltd.,FINSERVICE,EQUILIBRIUM,987.7,957.12 - 1016.53 DR DEMAND,3.0 C,973.3 - 1174.18 RD SUPPLY,4.0 C,1W DOWN • 20 EMA BEARISH,🔴 7 TESTS (WEAK),NORMAL VOL,+0.0 PTS,4.0 / 10 SOLID,WAIT FOR PULLBACK,CONFLICT,YES,YES,YES,WATCH,SUPPLY/EQ - long system me nahi | TESTED ZONE (7 tests) | 1M SCORE <7 | 1D SCORE <7,,,,,
CEMPRO,Cemindia Projects Ltd.,INFRA,EQUILIBRIUM,1224.5,1153.8 - 1268.5 DR DEMAND,3.5 C,1153.8 - 1375.0 RD SUPPLY,4.0 C,1W UP • 20 EMA BULLISH,🔴 4 TESTS (WEAK),NORMAL VOL,+0.0 PTS,4.0 / 10 SOLID,WAIT FOR PULLBACK,CONFLICT,YES,YES,YES,WATCH,SUPPLY/EQ - long system me nahi | TESTED ZONE (4 tests) | 1M SCORE <7 | 1D SCORE <7,,,,,
CHAMBLFERT,Chambal Fertilizers & Chemicals Ltd.,FMCG,EQUILIBRIUM,418.45,407.5 - 416.0 DR DEMAND,3.0 C,412.15 - 480.53 RD SUPPLY,4.0 C,1W DOWN • 20 EMA BEARISH,🔴 2 TESTS (WEAK),NORMAL VOL,+0.0 PTS,4.0 / 10 SOLID,WAIT FOR PULLBACK,CONFLICT,YES,YES,YES,WATCH,SUPPLY/EQ - long system me nahi | TESTED ZONE (2 tests) | 1M SCORE <7 | 1D SCORE <7,,,,,
HSCL,Himadri Speciality Chemical Ltd.,FMCG,EQUILIBRIUM,669.95,630.05 - 667.95 DR DEMAND,2.5 C,650.0 - 794.5 RD SUPPLY,4.0 C,1W UP • 20 EMA BULLISH,🟡 1 TEST (TESTED),NORMAL VOL,+0.0 PTS,4.0 / 10 SOLID,WAIT FOR PULLBACK,CONFLICT,YES,YES,YES,WATCH,SUPPLY/EQ - long system me nahi | TESTED ZONE (1 tests) | 1M SCORE <7 | 1D SCORE <7,,,,,
LEMONTREE,Lemon Tree Hotels Ltd.,CONSUMPTION,EQUILIBRIUM,103.82,105.2 - 108.53 RD SUPPLY,2.5 C,102.8 - 128.38 DR DEMAND,4.0 C,1W DOWN • 20 EMA BEARISH,🟡 1 TEST (TESTED),NORMAL VOL,+0.0 PTS,4.0 / 10 SOLID,WAIT FOR PULLBACK,CONFLICT,YES,YES,YES,WATCH,SUPPLY/EQ - long system me nahi | TESTED ZONE (1 tests) | 1M SCORE <7 | 1D SCORE <7 | SECTOR CONSUMPTION (backtest -ve),,,,,
LICHSGFIN,LIC Housing Finance Ltd.,FINSERVICE,EQUILIBRIUM,564.15,554.47 - 578.39 RD SUPPLY,4.0 C,465.97 - 564.04 DR DEMAND,3.0 C,1W UP • 20 EMA BULLISH,🔴 7 TESTS (WEAK),NORMAL VOL,+0.0 PTS,4.0 / 10 SOLID,WAIT FOR PULLBACK,CONFLICT,YES,YES,YES,WATCH,SUPPLY/EQ - long system me nahi | TESTED ZONE (7 tests) | 1M SCORE <7 | 1D SCORE <7,,,,,
TATACOMM,Tata Communications Ltd.,CONSUMPTION,DEMAND,1655.3,1641.5 - 1705.7 DR DEMAND,3.0 C,1260.55 - 1593.07 DR DEMAND,3.0 C,1W DOWN • 20 EMA BEARISH,🔴 3 TESTS (WEAK),NORMAL VOL,+1.0 PT,4.0 / 10 SOLID,WAIT FOR PULLBACK,IN,YES,YES,NO,,,,,,,
KIMS,Krishna Institute of Medical Sciences Ltd.,HEALTHCARE,DEMAND,766.45,725.4 - 770.8 DR DEMAND,2.5 C,— NO ACTIVE ZONE —,—,1W DOWN • 20 EMA BEARISH,🔴 5 TESTS (WEAK),NORMAL VOL,+1.0 PT,3.5 / 10 SOLID,WAIT FOR PULLBACK,IN,YES,NO,NO,,,,,,,
SONATSOFTW,Sonata Software Ltd.,IT,DEMAND,274.05,272.4 - 279.05 DR DEMAND,2.5 C,— NO ACTIVE ZONE —,—,1W DOWN • 20 EMA BEARISH,🔴 3 TESTS (WEAK),NORMAL VOL,+1.0 PT,3.5 / 10 SOLID,WAIT FOR PULLBACK,IN,YES,NO,NO,,,,,,,
RHIM,RHI MAGNESITA INDIA LTD.,INFRA,EQUILIBRIUM,386.6,375.55 - 391.95 RD SUPPLY,3.0 C,342.72 - 423.88 DR DEMAND,2.5 C,1W UP • 20 EMA BULLISH,🔴 4 TESTS (WEAK),NORMAL VOL,+0.0 PTS,3.0 / 10 SOLID,WAIT FOR PULLBACK,CONFLICT,YES,YES,YES,WATCH,SUPPLY/EQ - long system me nahi | TESTED ZONE (4 tests) | 1M SCORE <7 | 1D SCORE <7,,,,,
CENTRALBK,Central Bank of India,PSUBANK,SUPPLY,30.59,31.08 - 31.52 RD SUPPLY,4.0 C,30.8 - 38.57 RD SUPPLY,6.0 B,1W DOWN • 20 EMA BEARISH,🟡 1 TEST (TESTED),NORMAL VOL,+0.0 PTS,8.5 / 10 SUPPLY,NEAR SUPPLY,NEAR,YES,YES,YES,WATCH,SUPPLY/EQ - long system me nahi | TESTED ZONE (1 tests) | 1M SCORE <7 | 1D SCORE <7 | SECTOR PSUBANK (backtest -ve),,,,,
COLPAL,Colgate Palmolive (India) Ltd.,FMCG,SUPPLY,1845.9,1852.2 - 1885.7 RD SUPPLY,5.0 C,1761.24 - 2213.8 RD SUPPLY,6.0 B,1W DOWN • 20 EMA BEARISH,🟡 1 TEST (TESTED),NORMAL VOL,+0.0 PTS,8.5 / 10 SUPPLY,NEAR SUPPLY,NEAR,YES,YES,YES,WATCH,SUPPLY/EQ - long system me nahi | TESTED ZONE (1 tests) | 1M SCORE <7 | 1D SCORE <7,,,,,
ITCHOTELS,ITC Hotels Ltd.,CONSUMPTION,SUPPLY,158.57,161.01 - 164.8 RD SUPPLY,6.0 B,158.4 - 188.0 RD SUPPLY,5.0 C,1W DOWN • 20 EMA BEARISH,🟡 1 TEST (TESTED),NORMAL VOL,+0.0 PTS,8.5 / 10 SUPPLY,NEAR SUPPLY,NEAR,YES,YES,YES,WATCH,SUPPLY/EQ - long system me nahi | TESTED ZONE (1 tests) | 1M SCORE <7 | 1D SCORE <7 | SECTOR CONSUMPTION (backtest -ve),,,,,
SIGNATURE,Signatureglobal (India) Ltd.,REALTY,SUPPLY,780.35,788.85 - 855.0 RD SUPPLY,3.5 C,710.5 - 977.0 RD SUPPLY,6.0 B,1W DOWN • 20 EMA BEARISH,🔴 5 TESTS (WEAK),🔥 2.5x VOL EXPLOSION,+0.0 PTS,8.5 / 10 SUPPLY,NEAR SUPPLY,NEAR,YES,YES,YES,WATCH,SUPPLY/EQ - long system me nahi | TESTED ZONE (5 tests) | 1M SCORE <7 | 1D SCORE <7 | SECTOR REALTY (backtest -ve),,,,,
MARUTI,Maruti Suzuki India Ltd.,AUTO,SUPPLY,12008.0,12103.0 - 12458.0 RD SUPPLY,3.5 C,12079.68 - 14537.99 RD SUPPLY,5.5 B,1W DOWN • 20 EMA BEARISH,🔴 2 TESTS (WEAK),NORMAL VOL,+0.0 PTS,8.0 / 10 SUPPLY,NEAR SUPPLY,NEAR,YES,YES,YES,WATCH,SUPPLY/EQ - long system me nahi | TESTED ZONE (2 tests) | 1M SCORE <7 | 1D SCORE <7,,,,,
MRF,MRF Ltd.,AUTO,SUPPLY,123425.0,124700.0 - 125780.0 RD SUPPLY,5.5 B,101786.99 - 115617.15 DR DEMAND,7.0 A,1W DOWN • 20 EMA BEARISH,🟡 1 TEST (TESTED),NORMAL VOL,+0.0 PTS,8.0 / 10 SUPPLY,NEAR SUPPLY,NEAR,YES,YES,NO,,,,,,,
BLUEDART,Blue Dart Express Ltd.,CONSUMPTION,SUPPLY,4749.6,4799.9 - 4863.6 RD SUPPLY,5.0 C,4731.5 - 5775.5 RD SUPPLY,5.0 C,1W DOWN • 20 EMA BEARISH,🟡 1 TEST (TESTED),NORMAL VOL,+0.0 PTS,7.5 / 10 SUPPLY,NEAR SUPPLY,NEAR,YES,YES,YES,WATCH,SUPPLY/EQ - long system me nahi | TESTED ZONE (1 tests) | 1M SCORE <7 | 1D SCORE <7 | SECTOR CONSUMPTION (backtest -ve),,,,,
AUBANK,AU Small Finance Bank Ltd.,BANK,SUPPLY,995.3,999.2 - 1034.1 RD SUPPLY,6.0 B,— NO ACTIVE ZONE —,—,1W DOWN • 20 EMA BEARISH,🟡 1 TEST (TESTED),NORMAL VOL,+0.0 PTS,7.0 / 10 SUPPLY,NEAR SUPPLY,NEAR,YES,NO,NO,,,,,,,
BHARTIARTL,Bharti Airtel Ltd.,CONSUMPTION,SUPPLY,1771.4,1795.8 - 1829.9 RD SUPPLY,5.5 B,1811.9 - 2031.0 RD SUPPLY,6.0 B,1W DOWN • 20 EMA BEARISH,🟡 1 TEST (TESTED),NORMAL VOL,+0.0 PTS,7.0 / 10 SUPPLY,NEAR SUPPLY,NEAR,YES,YES,NO,,,,,,,
LATENTVIEW,Latent View Analytics Ltd.,IT,SUPPLY,241.6,245.0 - 252.9 RD SUPPLY,5.5 B,267.3 - 335.4 RD SUPPLY,6.0 B,1W DOWN • 20 EMA BEARISH,🟡 1 TEST (TESTED),NORMAL VOL,+0.0 PTS,7.0 / 10 SUPPLY,NEAR SUPPLY,NEAR,YES,NO,NO,,,,,,,
MOTHERSON,Samvardhana Motherson International Ltd.,AUTO,SUPPLY,162.37,163.3 - 170.0 RD SUPPLY,3.5 C,156.4 - 170.0 RD SUPPLY,5.5 B,1W UP • 20 EMA BULLISH,🔴 3 TESTS (WEAK),NORMAL VOL,+0.0 PTS,7.0 / 10 SUPPLY,NEAR SUPPLY,NEAR,YES,YES,YES,WATCH,SUPPLY/EQ - long system me nahi | TESTED ZONE (3 tests) | 1M SCORE <7 | 1D SCORE <7,,,,,
TBOTEK,TBO Tek Ltd.,CONSUMPTION,SUPPLY,1654.8,1671.5 - 1734.9 RD SUPPLY,2.5 C,1600.0 - 1750.0 RD SUPPLY,5.5 B,1W UP • 20 EMA BULLISH,🔴 4 TESTS (WEAK),NORMAL VOL,+0.0 PTS,7.0 / 10 SUPPLY,NEAR SUPPLY,NEAR,YES,YES,YES,WATCH,SUPPLY/EQ - long system me nahi | TESTED ZONE (4 tests) | 1M SCORE <7 | 1D SCORE <7 | SECTOR CONSUMPTION (backtest -ve),,,,,
WAAREEENER,Waaree Energies Ltd.,INFRA,SUPPLY,2455.0,2495.0 - 2553.6 RD SUPPLY,6.0 B,— NO ACTIVE ZONE —,—,1W DOWN • 20 EMA BEARISH,🟡 1 TEST (TESTED),NORMAL VOL,+0.0 PTS,7.0 / 10 SUPPLY,NEAR SUPPLY,NEAR,YES,NO,NO,,,,,,,
3MINDIA,3M India Ltd.,CONSUMPTION,SUPPLY,33415.0,34065.0 - 35095.0 RD SUPPLY,4.0 C,29552.02 - 36447.16 RD SUPPLY,3.0 C,1W DOWN • 20 EMA BEARISH,🟡 1 TEST (TESTED),NORMAL VOL,+0.0 PTS,6.5 / 10 SUPPLY,NEAR SUPPLY,NEAR,YES,YES,YES,WATCH,SUPPLY/EQ - long system me nahi | TESTED ZONE (1 tests) | 1M SCORE <7 | 1D SCORE <7 | SECTOR CONSUMPTION (backtest -ve),,,,,
ASTERDM,Aster DM Healthcare Ltd.,HEALTHCARE,SUPPLY,747.35,756.05 - 798.35 RD SUPPLY,4.5 C,516.84 - 657.02 DR DEMAND,5.5 B,1W DOWN • 20 EMA BEARISH,🔴 3 TESTS (WEAK),NORMAL VOL,+0.0 PTS,6.5 / 10 SUPPLY,NEAR SUPPLY,NEAR,YES,NO,NO,,,,,,,
BAJAJFINSV,Bajaj Finserv Ltd.,FINSERVICE,SUPPLY,1752.0,1760.9 - 1818.0 RD SUPPLY,5.5 B,— NO ACTIVE ZONE —,—,1W DOWN • 20 EMA BEARISH,🟡 1 TEST (TESTED),NORMAL VOL,+0.0 PTS,6.5 / 10 SUPPLY,NEAR SUPPLY,NEAR,YES,NO,NO,,,,,,,
CCL,CCL Products (I) Ltd.,FMCG,SUPPLY,1031.6,1044.1 - 1074.5 RD SUPPLY,5.5 B,— NO ACTIVE ZONE —,—,1W DOWN • 20 EMA BEARISH,🟡 1 TEST (TESTED),NORMAL VOL,+0.0 PTS,6.5 / 10 SUPPLY,NEAR SUPPLY,NEAR,YES,NO,NO,,,,,,,
CIEINDIA,CIE Automotive India Ltd.,AUTO,SUPPLY,383.35,389.1 - 398.1 RD SUPPLY,5.5 B,442.15 - 489.25 RD SUPPLY,4.0 C,1W DOWN • 20 EMA BEARISH,🟡 1 TEST (TESTED),NORMAL VOL,+0.0 PTS,6.5 / 10 SUPPLY,NEAR SUPPLY,NEAR,YES,NO,NO,,,,,,,
DLF,DLF Ltd.,REALTY,SUPPLY,663.55,663.55 - 680.0 RD SUPPLY,6.5 B,483.33 - 607.18 DR DEMAND,4.0 C,1W UP • 20 EMA BULLISH,🟢 0 TESTS (FRESH),NORMAL VOL,+0.0 PTS,6.5 / 10 SUPPLY,NEAR SUPPLY,NEAR,YES,NO,NO,,,,,,,
GODFRYPHLP,Godfrey Phillips India Ltd.,FMCG,SUPPLY,1931.5,1965.5 - 1999.9 RD SUPPLY,5.5 B,— NO ACTIVE ZONE —,—,1W DOWN • 20 EMA BEARISH,🟡 1 TEST (TESTED),NORMAL VOL,+0.0 PTS,6.5 / 10 SUPPLY,NEAR SUPPLY,NEAR,YES,NO,NO,,,,,,,
HONAUT,Honeywell Automation India Ltd.,INFRA,SUPPLY,33855.0,34455.0 - 35430.0 RD SUPPLY,5.5 B,26470.16 - 33006.68 DR DEMAND,4.5 C,1W DOWN • 20 EMA BEARISH,🟡 1 TEST (TESTED),NORMAL VOL,+0.0 PTS,6.5 / 10 SUPPLY,NEAR SUPPLY,NEAR,YES,YES,NO,,,,,,,
ITI,ITI Ltd.,CONSUMPTION,SUPPLY,245.8,250.4 - 256.55 RD SUPPLY,5.5 B,— NO ACTIVE ZONE —,—,1W DOWN • 20 EMA BEARISH,🟡 1 TEST (TESTED),NORMAL VOL,+0.0 PTS,6.5 / 10 SUPPLY,NEAR SUPPLY,NEAR,YES,NO,NO,,,,,,,
NTPC,NTPC Ltd.,CPSE,SUPPLY,321.1,323.65 - 330.85 RD SUPPLY,5.5 B,379.9 - 400.77 RD SUPPLY,4.5 C,1W DOWN • 20 EMA BEARISH,🟡 1 TEST (TESTED),NORMAL VOL,+0.0 PTS,6.5 / 10 SUPPLY,NEAR SUPPLY,NEAR,YES,NO,NO,,,,,,,
NTPCGREEN,NTPC Green Energy Ltd.,CPSE,SUPPLY,92.21,92.5 - 95.43 RD SUPPLY,4.0 C,100.31 - 112.7 RD SUPPLY,5.5 B,1W DOWN • 20 EMA BEARISH,🟡 1 TEST (TESTED),NORMAL VOL,+0.0 PTS,6.5 / 10 SUPPLY,NEAR SUPPLY,NEAR,YES,NO,NO,,,,,,,
PIIND,PI Industries Ltd.,FMCG,SUPPLY,2349.0,2786.7 - 2869.7 RD SUPPLY,3.0 C,2370.0 - 2834.82 RD SUPPLY,5.5 B,1W DOWN • 20 EMA BEARISH,🟡 1 TEST (TESTED),NORMAL VOL,+0.0 PTS,6.5 / 10 SUPPLY,NEAR SUPPLY,NEAR,NO,YES,NO,,,,,,,
RKFORGE,Ramkrishna Forgings Ltd.,AUTO,SUPPLY,703.1,712.65 - 725.0 RD SUPPLY,5.0 C,588.07 - 781.34 RD SUPPLY,4.5 C,1W UP • 20 EMA BULLISH,🟡 1 TEST (TESTED),NORMAL VOL,+0.0 PTS,6.5 / 10 SUPPLY,NEAR SUPPLY,NEAR,YES,YES,YES,WATCH,SUPPLY/EQ - long system me nahi | TESTED ZONE (1 tests) | 1M SCORE <7 | 1D SCORE <7,,,,,
ACC,ACC Ltd.,INFRA,SUPPLY,1213.5,1230.5 - 1247.1 RD SUPPLY,5.0 C,— NO ACTIVE ZONE —,—,1W DOWN • 20 EMA BEARISH,🟡 1 TEST (TESTED),NORMAL VOL,+0.0 PTS,6.0 / 10 SUPPLY,NEAR SUPPLY,NEAR,YES,NO,NO,,,,,,,
APOLLOHOSP,Apollo Hospitals Enterprise Ltd.,HEALTHCARE,SUPPLY,8860.0,8888.5 - 9069.0 RD SUPPLY,4.5 C,5978.42 - 6674.74 DR DEMAND,6.0 B,1W UP • 20 EMA BULLISH,🟡 1 TEST (TESTED),NORMAL VOL,+0.0 PTS,6.0 / 10 SUPPLY,NEAR SUPPLY,NEAR,YES,NO,NO,,,,,,,
KFINTECH,Kfin Technologies Ltd.,FINSERVICE,SUPPLY,884.05,892.2 - 917.85 RD SUPPLY,5.0 C,1055.74 - 1329.97 RD SUPPLY,4.5 C,1W DOWN • 20 EMA BEARISH,🟡 1 TEST (TESTED),NORMAL VOL,+0.0 PTS,6.0 / 10 SUPPLY,NEAR SUPPLY,NEAR,YES,NO,NO,,,,,,,
PNBHOUSING,PNB Housing Finance Ltd.,FINSERVICE,SUPPLY,1085.0,1085.7 - 1135.1 RD SUPPLY,5.0 C,741.6 - 890.53 DR DEMAND,6.0 B,1W UP • 20 EMA BULLISH,🟡 1 TEST (TESTED),NORMAL VOL,+0.0 PTS,6.0 / 10 SUPPLY,NEAR SUPPLY,NEAR,YES,NO,NO,,,,,,,
TRITURBINE,Triveni Turbine Ltd.,INFRA,SUPPLY,551.65,553.25 - 572.2 RD SUPPLY,5.0 C,— NO ACTIVE ZONE —,—,1W DOWN • 20 EMA BEARISH,🟡 1 TEST (TESTED),NORMAL VOL,+0.0 PTS,6.0 / 10 SUPPLY,NEAR SUPPLY,NEAR,YES,NO,NO,,,,,,,
VIJAYA,Vijaya Diagnostic Centre Ltd.,HEALTHCARE,SUPPLY,1501.4,1520.5 - 1571.4 RD SUPPLY,4.5 C,851.42 - 1133.43 DR DEMAND,6.0 B,1W UP • 20 EMA BULLISH,🟡 1 TEST (TESTED),NORMAL VOL,+0.0 PTS,6.0 / 10 SUPPLY,NEAR SUPPLY,NEAR,YES,NO,NO,,,,,,,
IPCALAB,Ipca Laboratories Ltd.,HEALTHCARE,SUPPLY,1919.3,1950.0 - 2020.0 RD SUPPLY,5.5 B,— NO ACTIVE ZONE —,—,1W UP • 20 EMA BULLISH,🟡 1 TEST (TESTED),NORMAL VOL,+0.0 PTS,5.5 / 10 SUPPLY,NEAR SUPPLY,NEAR,YES,NO,NO,,,,,,,
CHALET,Chalet Hotels Ltd.,CONSUMPTION,SUPPLY,868.95,876.1 - 896.1 RD SUPPLY,5.0 C,— NO ACTIVE ZONE —,—,1W UP • 20 EMA BULLISH,🟡 1 TEST (TESTED),NORMAL VOL,+0.0 PTS,5.0 / 10 SUPPLY,NEAR SUPPLY,NEAR,YES,NO,NO,,,,,,,
MEDANTA,Global Health Ltd.,HEALTHCARE,SUPPLY,1433.4,1462.1 - 1531.4 RD SUPPLY,3.0 C,959.31 - 1178.58 DR DEMAND,5.0 C,1W UP • 20 EMA BULLISH,🔴 4 TESTS (WEAK),NORMAL VOL,+0.0 PTS,5.0 / 10 SUPPLY,NEAR SUPPLY,NEAR,YES,NO,NO,,,,,,,
NESTLEIND,Nestle India Ltd.,FMCG,SUPPLY,1346.0,1370.1 - 1391.7 RD SUPPLY,4.0 C,— NO ACTIVE ZONE —,—,1W DOWN • 20 EMA BEARISH,🔴 2 TESTS (WEAK),NORMAL VOL,+0.0 PTS,5.0 / 10 SUPPLY,NEAR SUPPLY,NEAR,YES,NO,NO,,,,,,,
INDIAMART,Indiamart Intermesh Ltd.,CONSUMPTION,SUPPLY,1637.0,1652.0 - 1718.8 RD SUPPLY,3.5 C,— NO ACTIVE ZONE —,—,1W DOWN • 20 EMA BEARISH,🔴 2 TESTS (WEAK),NORMAL VOL,+0.0 PTS,4.5 / 10 SUPPLY,NEAR SUPPLY,NEAR,YES,NO,NO,,,,,,,
JYOTICNC,Jyoti CNC Automation Ltd.,INFRA,SUPPLY,1046.1,1072.25 - 1114.0 RD SUPPLY,4.5 C,1052.2 - 1330.0 RD SUPPLY,3.0 C,1W UP • 20 EMA BULLISH,🔴 3 TESTS (WEAK),NORMAL VOL,+0.0 PTS,4.5 / 10 SUPPLY,NEAR SUPPLY,NEAR,YES,YES,NO,,,,,,,
GRAPHITE,Graphite India Ltd.,INFRA,SUPPLY,799.0,811.0 - 837.95 RD SUPPLY,3.5 C,510.59 - 640.96 DR DEMAND,4.0 C,1W UP • 20 EMA BULLISH,🔴 3 TESTS (WEAK),NORMAL VOL,+0.0 PTS,4.0 / 10 SUPPLY,NEAR SUPPLY,NEAR,YES,NO,NO,,,,,,,
KIRLOSENG,Kirloskar Oil Eng Ltd.,INFRA,SUPPLY,2141.2,2170.91 - 2278.28 RD SUPPLY,4.0 C,566.32 - 756.24 DR DEMAND,4.0 C,1W UP • 20 EMA BULLISH,🔴 8 TESTS (WEAK),NORMAL VOL,+0.0 PTS,4.0 / 10 SUPPLY,NEAR SUPPLY,NEAR,YES,NO,NO,,,,,,,
SAILIFE,Sai Life Sciences Ltd.,HEALTHCARE,SUPPLY,1582.8,1585.0 - 1675.4 RD SUPPLY,3.5 C,— NO ACTIVE ZONE —,—,1W UP • 20 EMA BULLISH,🔴 2 TESTS (WEAK),NORMAL VOL,+0.0 PTS,3.5 / 10 SUPPLY,NEAR SUPPLY,NEAR,YES,NO,NO,,,,,,,
VBL,Varun Beverages Ltd.,FMCG,SUPPLY,430.0,431.85 - 439.0 RD SUPPLY,2.5 C,— NO ACTIVE ZONE —,—,1W DOWN • 20 EMA BEARISH,🔴 2 TESTS (WEAK),NORMAL VOL,+0.0 PTS,3.5 / 10 SUPPLY,NEAR SUPPLY,NEAR,YES,NO,NO,,,,,,,
COHANCE,Cohance Lifesciences Ltd.,HEALTHCARE,SUPPLY,453.3,457.0 - 481.05 RD SUPPLY,3.0 C,1077.0 - 1229.95 RD SUPPLY,2.5 C,1W UP • 20 EMA BULLISH,🔴 4 TESTS (WEAK),NORMAL VOL,+0.0 PTS,3.0 / 10 SUPPLY,NEAR SUPPLY,NEAR,YES,NO,NO,,,,,,,
DRREDDY,Dr. Reddy's Laboratories Ltd.,HEALTHCARE,SUPPLY,1221.0,1226.4 - 1249.1 RD SUPPLY,3.0 C,— NO ACTIVE ZONE —,—,1W UP • 20 EMA BULLISH,🔴 2 TESTS (WEAK),🔥 2.5x VOL EXPLOSION,+0.0 PTS,3.0 / 10 SUPPLY,NEAR SUPPLY,NEAR,YES,NO,NO,,,,,,,
MAHABANK,Bank of Maharashtra,PSUBANK,SUPPLY,80.85,80.49 - 84.5 RD SUPPLY,8.5 A,78.02 - 92.78 RD SUPPLY,4.5 C,1W DOWN • 20 EMA BEARISH,🟢 0 TESTS (FRESH),NORMAL VOL,+0.0 PTS,11.0 / 10 SUPER COMBO,SUPPLY TEST,IN,YES,YES,YES,WATCH,SUPPLY/EQ - long system me nahi | 1M SCORE <7 | SECTOR PSUBANK (backtest -ve),,,,,
ENRIN,Siemens Energy India Ltd.,INFRA,SUPPLY,3189.0,3168.8 - 3334.9 RD SUPPLY,8.5 A,— NO ACTIVE ZONE —,—,1W DOWN • 20 EMA BEARISH,🟢 0 TESTS (FRESH),NORMAL VOL,+0.0 PTS,9.5 / 10 HIGH COMBO,SUPPLY TEST,IN,YES,NO,NO,,,,,,,
INOXWIND,Inox Wind Ltd.,INFRA,SUPPLY,72.0,72.0 - 74.83 RD SUPPLY,8.5 A,131.9 - 158.5 RD SUPPLY,5.5 B,1W DOWN • 20 EMA BEARISH,🟢 0 TESTS (FRESH),NORMAL VOL,+0.0 PTS,9.5 / 10 HIGH COMBO,SUPPLY TEST,IN,YES,NO,NO,,,,,,,
MANAPPURAM,Manappuram Finance Ltd.,FINSERVICE,SUPPLY,313.0,312.15 - 330.65 RD SUPPLY,8.5 A,246.7 - 301.11 DR DEMAND,5.5 B,1W DOWN • 20 EMA BEARISH,🟢 0 TESTS (FRESH),🔥 1.8x HIGH VOL,+0.0 PTS,9.5 / 10 HIGH COMBO,SUPPLY TEST,IN,YES,YES,NO,,,,,,,
BOSCHLTD,Bosch Ltd.,AUTO,SUPPLY,47020.0,46910.0 - 48010.0 RD SUPPLY,7.5 A,46410.0 - 49400.0 RD SUPPLY,6.5 B,1W UP • 20 EMA BULLISH,🟢 0 TESTS (FRESH),NORMAL VOL,+0.0 PTS,9.0 / 10 SUPPLY,SUPPLY TEST,IN,YES,YES,YES,WATCH,SUPPLY/EQ - long system me nahi | 1M SCORE <7,,,,,
SIEMENS,Siemens Ltd.,INFRA,SUPPLY,3785.5,3772.0 - 3862.7 RD SUPPLY,7.5 A,3719.63 - 4677.56 RD SUPPLY,4.5 C,1W UP • 20 EMA BULLISH,🟢 0 TESTS (FRESH),NORMAL VOL,+0.0 PTS,9.0 / 10 SUPPLY,SUPPLY TEST,IN,YES,YES,YES,WATCH,SUPPLY/EQ - long system me nahi | 1M SCORE <7,,,,,
TITAN,Titan Company Ltd.,CONSUMPTION,SUPPLY,4819.5,4810.0 - 4881.0 RD SUPPLY,7.5 A,4772.0 - 5126.5 RD SUPPLY,6.5 B,1W UP • 20 EMA BULLISH,🟢 0 TESTS (FRESH),NORMAL VOL,+0.0 PTS,9.0 / 10 SUPPLY,SUPPLY TEST,IN,YES,YES,YES,WATCH,SUPPLY/EQ - long system me nahi | 1M SCORE <7 | SECTOR CONSUMPTION (backtest -ve),,,,,
ABREL,Aditya Birla Real Estate Ltd.,REALTY,SUPPLY,1191.5,1181.2 - 1231.0 RD SUPPLY,7.5 A,1222.87 - 1595.22 RD SUPPLY,5.0 C,1W DOWN • 20 EMA BEARISH,🟢 0 TESTS (FRESH),🔥 1.8x HIGH VOL,+0.0 PTS,8.5 / 10 SUPPLY,SUPPLY TEST,IN,YES,YES,NO,,,,,,,
ADANIPOWER,Adani Power Ltd.,CPSE,SUPPLY,196.14,195.36 - 203.64 RD SUPPLY,7.5 A,214.8 - 245.69 RD SUPPLY,4.0 C,1W DOWN • 20 EMA BEARISH,🟢 0 TESTS (FRESH),NORMAL VOL,+0.0 PTS,8.5 / 10 SUPPLY,SUPPLY TEST,IN,YES,NO,NO,,,,,,,
ASHOKLEY,Ashok Leyland Ltd.,INFRA,SUPPLY,155.22,154.7 - 158.88 RD SUPPLY,7.5 A,— NO ACTIVE ZONE —,—,1W DOWN • 20 EMA BEARISH,🟢 0 TESTS (FRESH),NORMAL VOL,+0.0 PTS,8.5 / 10 SUPPLY,SUPPLY TEST,IN,YES,NO,NO,,,,,,,
CANFINHOME,Can Fin Homes Ltd.,FINSERVICE,SUPPLY,737.6,735.0 - 755.0 RD SUPPLY,7.5 A,550.35 - 680.06 DR DEMAND,4.0 C,1W DOWN • 20 EMA BEARISH,🟢 0 TESTS (FRESH),NORMAL VOL,+0.0 PTS,8.5 / 10 SUPPLY,SUPPLY TEST,IN,YES,NO,NO,,,,,,,
GRAVITA,Gravita India Ltd.,METAL,SUPPLY,1475.4,1815.2 - 1878.5 RD SUPPLY,3.5 C,1470.6 - 1822.1 RD SUPPLY,7.5 A,1W DOWN • 20 EMA BEARISH,🟢 0 TESTS (FRESH),NORMAL VOL,+0.0 PTS,8.5 / 10 SUPPLY,SUPPLY TEST,IN,NO,YES,NO,,,,,,,
HDFCBANK,HDFC Bank Ltd.,BANK,SUPPLY,719.05,718.1 - 733.0 RD SUPPLY,7.5 A,957.46 - 1000.94 RD SUPPLY,4.5 C,1W DOWN • 20 EMA BEARISH,🟢 0 TESTS (FRESH),NORMAL VOL,+0.0 PTS,8.5 / 10 SUPPLY,SUPPLY TEST,IN,YES,NO,NO,,,,,,,
KEI,KEI Industries Ltd.,INFRA,SUPPLY,4516.0,4627.0 - 4706.5 RD SUPPLY,6.0 B,4447.0 - 5608.5 RD SUPPLY,7.5 A,1W DOWN • 20 EMA BEARISH,🟢 0 TESTS (FRESH),NORMAL VOL,+0.0 PTS,8.5 / 10 SUPPLY,SUPPLY TEST,IN,YES,YES,NO,,,,,,,
LODHA,Lodha Developers Ltd.,REALTY,SUPPLY,1117.1,1115.1 - 1165.0 RD SUPPLY,8.5 A,648.52 - 918.22 DR DEMAND,4.5 C,1W UP • 20 EMA BULLISH,🟢 0 TESTS (FRESH),NORMAL VOL,+0.0 PTS,8.5 / 10 SUPPLY,SUPPLY TEST,IN,YES,NO,NO,,,,,,,
NUVOCO,Nuvoco Vistas Corporation Ltd.,INFRA,SUPPLY,325.85,333.6 - 343.4 RD SUPPLY,4.5 C,300.2 - 351.2 RD SUPPLY,7.5 A,1W DOWN • 20 EMA BEARISH,🟢 0 TESTS (FRESH),NORMAL VOL,+0.0 PTS,8.5 / 10 SUPPLY,SUPPLY TEST,IN,YES,YES,NO,,,,,,,
PIDILITIND,Pidilite Industries Ltd.,FMCG,SUPPLY,1503.0,1637.5 - 1675.5 RD SUPPLY,5.5 B,1486.8 - 1675.5 RD SUPPLY,7.5 A,1W DOWN • 20 EMA BEARISH,🟢 0 TESTS (FRESH),NORMAL VOL,+0.0 PTS,8.5 / 10 SUPPLY,SUPPLY TEST,IN,NO,YES,NO,,,,,,,
RECLTD,REC Ltd.,FINSERVICE,SUPPLY,303.25,303.25 - 311.6 RD SUPPLY,7.5 A,— NO ACTIVE ZONE —,—,1W DOWN • 20 EMA BEARISH,🟢 0 TESTS (FRESH),NORMAL VOL,+0.0 PTS,8.5 / 10 SUPPLY,SUPPLY TEST,IN,YES,NO,NO,,,,,,,
RELIANCE,Reliance Industries Ltd.,OIL,SUPPLY,1197.6,1197.0 - 1219.7 RD SUPPLY,7.5 A,1306.56 - 1466.62 RD SUPPLY,5.0 C,1W DOWN • 20 EMA BEARISH,🟢 0 TESTS (FRESH),NORMAL VOL,+0.0 PTS,8.5 / 10 SUPPLY,SUPPLY TEST,IN,YES,NO,NO,,,,,,,
SAGILITY,Sagility Ltd.,IT,SUPPLY,43.45,39.11 - 40.11 DR DEMAND,4.0 C,43.32 - 47.3 RD SUPPLY,7.5 A,1W DOWN • 20 EMA BEARISH,🟢 0 TESTS (FRESH),NORMAL VOL,+0.0 PTS,8.5 / 10 SUPPLY,SUPPLY TEST,IN,NO,YES,NO,,,,,,,
ZENTEC,Zen Technologies Ltd.,INFRA,SUPPLY,1642.8,1638.2 - 1678.4 RD SUPPLY,7.5 A,982.55 - 1595.12 DR DEMAND,3.5 C,1W DOWN • 20 EMA BEARISH,🟢 0 TESTS (FRESH),NORMAL VOL,+0.0 PTS,8.5 / 10 SUPPLY,SUPPLY TEST,IN,YES,YES,NO,,,,,,,
ABFRL,Aditya Birla Fashion and Retail Ltd.,CONSUMPTION,SUPPLY,47.59,47.25 - 49.6 RD SUPPLY,7.0 A,— NO ACTIVE ZONE —,—,1W DOWN • 20 EMA BEARISH,🟢 0 TESTS (FRESH),NORMAL VOL,+0.0 PTS,8.0 / 10 SUPPLY,SUPPLY TEST,IN,YES,NO,NO,,,,,,,
FORCEMOT,Force Motors Ltd.,AUTO,SUPPLY,17100.0,17042.0 - 17359.0 RD SUPPLY,7.0 A,19225.31 - 24255.99 RD SUPPLY,4.0 C,1W DOWN • 20 EMA BEARISH,🟢 0 TESTS (FRESH),NORMAL VOL,+0.0 PTS,8.0 / 10 SUPPLY,SUPPLY TEST,IN,YES,NO,NO,,,,,,,
HYUNDAI,Hyundai Motor India Ltd.,AUTO,SUPPLY,2050.7,2040.5 - 2113.0 RD SUPPLY,7.0 A,— NO ACTIVE ZONE —,—,1W DOWN • 20 EMA BEARISH,🟢 0 TESTS (FRESH),NORMAL VOL,+0.0 PTS,8.0 / 10 SUPPLY,SUPPLY TEST,IN,YES,NO,NO,,,,,,,
IEX,Indian Energy Exchange Ltd.,FINSERVICE,SUPPLY,111.35,110.94 - 112.88 RD SUPPLY,7.0 A,— NO ACTIVE ZONE —,—,1W DOWN • 20 EMA BEARISH,🟢 0 TESTS (FRESH),NORMAL VOL,+0.0 PTS,8.0 / 10 SUPPLY,SUPPLY TEST,IN,YES,NO,NO,,,,,,,
INDIGO,InterGlobe Aviation Ltd.,CONSUMPTION,SUPPLY,4874.5,4845.0 - 4933.0 RD SUPPLY,7.0 A,— NO ACTIVE ZONE —,—,1W DOWN • 20 EMA BEARISH,🟢 0 TESTS (FRESH),NORMAL VOL,+0.0 PTS,8.0 / 10 SUPPLY,SUPPLY TEST,IN,YES,NO,NO,,,,,,,
JINDALSTEL,Jindal Steel Ltd.,METAL,SUPPLY,1139.6,1133.2 - 1160.0 RD SUPPLY,6.5 B,1099.63 - 1254.35 RD SUPPLY,4.5 C,1W UP • 20 EMA BULLISH,🟢 0 TESTS (FRESH),NORMAL VOL,+0.0 PTS,8.0 / 10 SUPPLY,SUPPLY TEST,IN,YES,YES,YES,WATCH,SUPPLY/EQ - long system me nahi | 1M SCORE <7 | 1D SCORE <7 | SECTOR METAL (backtest -ve),,,,,
SBFC,SBFC Finance Ltd.,FINSERVICE,SUPPLY,86.82,103.21 - 107.3 RD SUPPLY,3.0 C,86.4 - 104.39 RD SUPPLY,7.0 A,1W DOWN • 20 EMA BEARISH,🟢 0 TESTS (FRESH),NORMAL VOL,+0.0 PTS,8.0 / 10 SUPPLY,SUPPLY TEST,IN,NO,YES,NO,,,,,,,
THERMAX,Thermax Ltd.,INFRA,SUPPLY,3386.0,3365.0 - 3464.2 RD SUPPLY,7.0 A,— NO ACTIVE ZONE —,—,1W DOWN • 20 EMA BEARISH,🟢 0 TESTS (FRESH),NORMAL VOL,+0.0 PTS,8.0 / 10 SUPPLY,SUPPLY TEST,IN,YES,NO,NO,,,,,,,
VOLTAS,Voltas Ltd.,CONSUMPTION,SUPPLY,1135.5,1100.0 - 1143.1 RD SUPPLY,7.0 A,1219.17 - 1534.18 RD SUPPLY,5.0 C,1W DOWN • 20 EMA BEARISH,🟡 1 TEST (TESTED),NORMAL VOL,+0.0 PTS,8.0 / 10 SUPPLY,SUPPLY TEST,IN,YES,YES,NO,,,,,,,
ABB,ABB India Ltd.,INFRA,SUPPLY,6972.5,7331.5 - 7524.5 RD SUPPLY,4.0 C,6905.5 - 7524.5 RD SUPPLY,6.5 B,1W DOWN • 20 EMA BEARISH,🟢 0 TESTS (FRESH),NORMAL VOL,+0.0 PTS,7.5 / 10 SUPPLY,SUPPLY TEST,IN,YES,YES,NO,,,,,,,
ASIANPAINT,Asian Paints Ltd.,CONSUMPTION,SUPPLY,2420.0,2412.9 - 2441.6 RD SUPPLY,6.5 B,2083.96 - 2318.62 DR DEMAND,3.0 C,1W DOWN • 20 EMA BEARISH,🟢 0 TESTS (FRESH),🔥 1.8x HIGH VOL,+0.0 PTS,7.5 / 10 SUPPLY,SUPPLY TEST,IN,YES,YES,NO,,,,,,,
CHOICEIN,Choice International Ltd.,FINSERVICE,SUPPLY,756.9,753.6 - 785.4 RD SUPPLY,5.0 C,741.05 - 860.5 RD SUPPLY,3.0 C,1W DOWN • 20 EMA BEARISH,🟡 1 TEST (TESTED),NORMAL VOL,+0.0 PTS,7.5 / 10 SUPPLY,SUPPLY TEST,IN,YES,YES,YES,WATCH,SUPPLY/EQ - long system me nahi | TESTED ZONE (1 tests) | 1M SCORE <7 | 1D SCORE <7,,,,,
HFCL,HFCL Ltd.,CONSUMPTION,SUPPLY,205.92,93.15 - 99.41 DR DEMAND,5.5 B,201.0 - 254.92 RD SUPPLY,7.5 A,1W UP • 20 EMA BULLISH,🟢 0 TESTS (FRESH),NORMAL VOL,+0.0 PTS,7.5 / 10 SUPPLY,SUPPLY TEST,IN,NO,YES,NO,,,,,,,
KARURVYSYA,Karur Vysya Bank Ltd.,PVTBANK,SUPPLY,320.75,320.1 - 327.0 RD SUPPLY,7.5 A,— NO ACTIVE ZONE —,—,1W UP • 20 EMA BULLISH,🟢 0 TESTS (FRESH),NORMAL VOL,+0.0 PTS,7.5 / 10 SUPPLY,SUPPLY TEST,IN,YES,NO,NO,,,,,,,
KAYNES,Kaynes Technology India Ltd.,INFRA,SUPPLY,3658.0,4352.7 - 4533.0 RD SUPPLY,7.5 A,2995.0 - 4538.6 RD SUPPLY,5.0 C,1W UP • 20 EMA BULLISH,🟡 1 TEST (TESTED),NORMAL VOL,+0.0 PTS,7.5 / 10 SUPPLY,SUPPLY TEST,IN,NO,YES,NO,,,,,,,
NAVINFLUOR,Navin Fluorine International Ltd.,FMCG,SUPPLY,8432.5,8385.5 - 8582.5 RD SUPPLY,7.5 A,4209.36 - 4903.78 DR DEMAND,5.5 B,1W UP • 20 EMA BULLISH,🟢 0 TESTS (FRESH),NORMAL VOL,+0.0 PTS,7.5 / 10 SUPPLY,SUPPLY TEST,IN,YES,NO,NO,,,,,,,
OBEROIRLTY,Oberoi Realty Ltd.,REALTY,SUPPLY,1830.0,1821.1 - 1855.0 RD SUPPLY,6.0 B,1598.44 - 1928.41 RD SUPPLY,3.5 C,1W UP • 20 EMA BULLISH,🟢 0 TESTS (FRESH),NORMAL VOL,+0.0 PTS,7.5 / 10 SUPPLY,SUPPLY TEST,IN,YES,YES,YES,WATCH,SUPPLY/EQ - long system me nahi | 1M SCORE <7 | 1D SCORE <7 | SECTOR REALTY (backtest -ve),,,,,
POWERINDIA,Hitachi Energy India Ltd.,INFRA,SUPPLY,30260.0,31805.0 - 32595.0 RD SUPPLY,6.0 B,29645.0 - 33450.0 RD SUPPLY,6.5 B,1W DOWN • 20 EMA BEARISH,🟢 0 TESTS (FRESH),NORMAL VOL,+0.0 PTS,7.5 / 10 SUPPLY,SUPPLY TEST,IN,YES,YES,NO,,,,,,,
SHRIRAMFIN,Shriram Finance Ltd.,FINSERVICE,SUPPLY,976.3,1050.6 - 1099.0 RD SUPPLY,5.5 B,970.0 - 1099.0 RD SUPPLY,6.5 B,1W DOWN • 20 EMA BEARISH,🟢 0 TESTS (FRESH),NORMAL VOL,+0.0 PTS,7.5 / 10 SUPPLY,SUPPLY TEST,IN,YES,YES,NO,,,,,,,
AARTIIND,Aarti Industries Ltd.,FMCG,SUPPLY,476.6,490.05 - 503.0 RD SUPPLY,4.0 C,459.55 - 528.7 RD SUPPLY,6.0 B,1W DOWN • 20 EMA BEARISH,🟢 0 TESTS (FRESH),NORMAL VOL,+0.0 PTS,7.0 / 10 SUPPLY,SUPPLY TEST,IN,YES,YES,NO,,,,,,,
ANURAS,Anupam Rasayan India Ltd.,FMCG,SUPPLY,1187.1,— NO ACTIVE ZONE —,—,1114.38 - 1269.19 RD SUPPLY,6.0 B,1W DOWN • 20 EMA BEARISH,🟢 0 TESTS (FRESH),NORMAL VOL,+0.0 PTS,7.0 / 10 SUPPLY,SUPPLY TEST,IN,NO,YES,NO,,,,,,,
CYIENT,Cyient Ltd.,IT,SUPPLY,1082.3,1145.5 - 1219.0 RD SUPPLY,4.5 C,1030.3 - 1219.0 RD SUPPLY,7.0 A,1W UP • 20 EMA BULLISH,🟢 0 TESTS (FRESH),NORMAL VOL,+0.0 PTS,7.0 / 10 SUPPLY,SUPPLY TEST,IN,YES,YES,NO,,,,,,,
GRANULES,Granules India Ltd.,HEALTHCARE,SUPPLY,851.4,846.3 - 872.15 RD SUPPLY,7.0 A,428.49 - 541.96 DR DEMAND,5.0 C,1W UP • 20 EMA BULLISH,🟢 0 TESTS (FRESH),NORMAL VOL,+0.0 PTS,7.0 / 10 SUPPLY,SUPPLY TEST,IN,YES,NO,NO,,,,,,,
HINDCOPPER,Hindustan Copper Ltd.,METAL,SUPPLY,479.6,667.64 - 732.54 RD SUPPLY,6.0 B,477.5 - 542.94 RD SUPPLY,6.0 B,1W DOWN • 20 EMA BEARISH,🟢 0 TESTS (FRESH),NORMAL VOL,+0.0 PTS,7.0 / 10 SUPPLY,SUPPLY TEST,IN,NO,YES,NO,,,,,,,
JUBLFOOD,Jubilant Foodworks Ltd.,CONSUMPTION,SUPPLY,478.7,476.5 - 485.6 RD SUPPLY,7.0 A,649.02 - 724.62 RD SUPPLY,5.0 C,1W UP • 20 EMA BULLISH,🟢 0 TESTS (FRESH),NORMAL VOL,+0.0 PTS,7.0 / 10 SUPPLY,SUPPLY TEST,IN,YES,NO,NO,,,,,,,
LTFOODS,LT Foods Ltd.,FMCG,SUPPLY,408.5,420.15 - 430.8 RD SUPPLY,5.5 B,405.3 - 465.69 RD SUPPLY,6.0 B,1W DOWN • 20 EMA BEARISH,🟢 0 TESTS (FRESH),NORMAL VOL,+0.0 PTS,7.0 / 10 SUPPLY,SUPPLY TEST,IN,YES,YES,NO,,,,,,,
NEULANDLAB,Neuland Laboratories Ltd.,HEALTHCARE,SUPPLY,21440.0,19431.0 - 20099.0 DR DEMAND,7.0 A,21395.0 - 24225.0 RD SUPPLY,6.0 B,1W UP • 20 EMA BULLISH,🟢 0 TESTS (FRESH),NORMAL VOL,+0.0 PTS,7.0 / 10 SUPPLY,SUPPLY TEST,IN,YES,YES,NO,,,,,,,
PHOENIXLTD,Phoenix Mills Ltd.,REALTY,SUPPLY,1952.2,1940.1 - 1973.1 RD SUPPLY,5.5 B,1653.81 - 1990.36 RD SUPPLY,2.5 C,1W UP • 20 EMA BULLISH,🟢 0 TESTS (FRESH),NORMAL VOL,+0.0 PTS,7.0 / 10 SUPPLY,SUPPLY TEST,IN,YES,YES,YES,WATCH,SUPPLY/EQ - long system me nahi | 1M SCORE <7 | 1D SCORE <7 | SECTOR REALTY (backtest -ve),,,,,
BAJAJ-AUTO,Bajaj Auto Ltd.,AUTO,SUPPLY,11024.0,9785.5 - 10058.0 DR DEMAND,5.5 B,10953.0 - 12470.0 RD SUPPLY,6.5 B,1W UP • 20 EMA BULLISH,🟢 0 TESTS (FRESH),NORMAL VOL,+0.0 PTS,6.5 / 10 SUPPLY,SUPPLY TEST,IN,NO,YES,NO,,,,,,,
BANDHANBNK,Bandhan Bank Ltd.,BANK,SUPPLY,181.0,180.6 - 187.0 RD SUPPLY,6.5 B,— NO ACTIVE ZONE —,—,1W UP • 20 EMA BULLISH,🟢 0 TESTS (FRESH),NORMAL VOL,+0.0 PTS,6.5 / 10 SUPPLY,SUPPLY TEST,IN,YES,NO,NO,,,,,,,
HEROMOTOCO,Hero MotoCorp Ltd.,AUTO,SUPPLY,5390.0,5368.0 - 5443.0 RD SUPPLY,5.0 C,5329.21 - 6175.52 RD SUPPLY,3.0 C,1W UP • 20 EMA BULLISH,🟡 1 TEST (TESTED),NORMAL VOL,+0.0 PTS,6.5 / 10 SUPPLY,SUPPLY TEST,IN,YES,YES,YES,WATCH,SUPPLY/EQ - long system me nahi | TESTED ZONE (1 tests) | 1M SCORE <7 | 1D SCORE <7,,,,,
JINDALSAW,Jindal Saw Ltd.,INFRA,SUPPLY,276.15,281.95 - 294.55 RD SUPPLY,5.0 C,275.25 - 320.0 RD SUPPLY,6.5 B,1W UP • 20 EMA BULLISH,🟢 0 TESTS (FRESH),NORMAL VOL,+0.0 PTS,6.5 / 10 SUPPLY,SUPPLY TEST,IN,YES,YES,NO,,,,,,,
SAPPHIRE,Sapphire Foods India Ltd.,CONSUMPTION,SUPPLY,216.68,166.5 - 177.75 DR DEMAND,3.0 C,214.61 - 241.9 RD SUPPLY,6.5 B,1W UP • 20 EMA BULLISH,🟢 0 TESTS (FRESH),NORMAL VOL,+0.0 PTS,6.5 / 10 SUPPLY,SUPPLY TEST,IN,NO,YES,NO,,,,,,,
SUNPHARMA,Sun Pharmaceutical Industries Ltd.,PHARMA,SUPPLY,1838.0,1837.3 - 1877.2 RD SUPPLY,3.5 C,1533.94 - 1797.61 DR DEMAND,5.5 B,1W DOWN • 20 EMA BEARISH,🔴 2 TESTS (WEAK),NORMAL VOL,+0.0 PTS,6.5 / 10 SUPPLY,SUPPLY TEST,IN,YES,YES,NO,,,,,,,
TEGA,Tega Industries Ltd.,INFRA,SUPPLY,2011.5,2005.1 - 2090.0 RD SUPPLY,6.5 B,1234.96 - 1532.58 DR DEMAND,3.0 C,1W UP • 20 EMA BULLISH,🟢 0 TESTS (FRESH),NORMAL VOL,+0.0 PTS,6.5 / 10 SUPPLY,SUPPLY TEST,IN,YES,NO,NO,,,,,,,
360ONE,360 ONE WAM Ltd.,FINSERVICE,SUPPLY,1045.0,1149.9 - 1171.5 RD SUPPLY,5.0 C,1020.85 - 1260.04 RD SUPPLY,4.0 C,1W DOWN • 20 EMA BEARISH,🟡 1 TEST (TESTED),NORMAL VOL,+0.0 PTS,6.0 / 10 SUPPLY,SUPPLY TEST,IN,NO,YES,NO,,,,,,,
APLAPOLLO,APL Apollo Tubes Ltd.,INFRA,SUPPLY,2197.0,2178.7 - 2229.0 RD SUPPLY,4.5 C,1864.92 - 2243.16 RD SUPPLY,4.0 C,1W UP • 20 EMA BULLISH,🟡 1 TEST (TESTED),NORMAL VOL,+0.0 PTS,6.0 / 10 SUPPLY,SUPPLY TEST,IN,YES,YES,YES,WATCH,SUPPLY/EQ - long system me nahi | TESTED ZONE (1 tests) | 1M SCORE <7 | 1D SCORE <7,,,,,
BERGEPAINT,Berger Paints India Ltd.,CONSUMPTION,SUPPLY,452.85,448.1 - 463.0 RD SUPPLY,5.0 C,514.22 - 564.89 RD SUPPLY,3.5 C,1W DOWN • 20 EMA BEARISH,🟡 1 TEST (TESTED),NORMAL VOL,+0.0 PTS,6.0 / 10 SUPPLY,SUPPLY TEST,IN,YES,NO,NO,,,,,,,
DIXON,Dixon Technologies (India) Ltd.,CONSUMPTION,SUPPLY,13640.0,14438.89 - 14808.6 RD SUPPLY,4.5 C,12840.12 - 14808.6 RD SUPPLY,6.0 B,1W UP • 20 EMA BULLISH,🟢 0 TESTS (FRESH),🔥 1.8x HIGH VOL,+0.0 PTS,6.0 / 10 SUPPLY,SUPPLY TEST,IN,YES,YES,NO,,,,,,,
ESCORTS,Escorts Kubota Ltd.,INFRA,SUPPLY,2740.7,3050.0 - 3103.9 RD SUPPLY,4.0 C,2719.23 - 3369.87 RD SUPPLY,5.0 C,1W DOWN • 20 EMA BEARISH,🟡 1 TEST (TESTED),NORMAL VOL,+0.0 PTS,6.0 / 10 SUPPLY,SUPPLY TEST,IN,NO,YES,NO,,,,,,,
FLUOROCHEM,Gujarat Fluorochemicals Ltd.,FMCG,SUPPLY,4443.7,— NO ACTIVE ZONE —,—,4380.0 - 4884.67 RD SUPPLY,6.0 B,1W UP • 20 EMA BULLISH,🟢 0 TESTS (FRESH),NORMAL VOL,+0.0 PTS,6.0 / 10 SUPPLY,SUPPLY TEST,IN,NO,YES,NO,,,,,,,
IKS,Inventurus Knowledge Solutions Ltd.,IT,SUPPLY,1768.4,1605.1 - 1665.0 DR DEMAND,3.5 C,1686.4 - 1907.4 RD SUPPLY,6.0 B,1W UP • 20 EMA BULLISH,🟢 0 TESTS (FRESH),NORMAL VOL,+0.0 PTS,6.0 / 10 SUPPLY,SUPPLY TEST,IN,YES,YES,NO,,,,,,,
PGEL,PG Electroplast Ltd.,CONSUMPTION,SUPPLY,507.0,583.87 - 598.42 RD SUPPLY,5.0 C,466.78 - 620.46 RD SUPPLY,4.5 C,1W DOWN • 20 EMA BEARISH,🔴 2 TESTS (WEAK),NORMAL VOL,+0.0 PTS,6.0 / 10 SUPPLY,SUPPLY TEST,IN,NO,YES,NO,,,,,,,
RADICO,Radico Khaitan Ltd,FMCG,SUPPLY,4478.3,4475.0 - 4598.1 RD SUPPLY,6.0 B,— NO ACTIVE ZONE —,—,1W UP • 20 EMA BULLISH,🟡 1 TEST (TESTED),NORMAL VOL,+0.0 PTS,6.0 / 10 SUPPLY,SUPPLY TEST,IN,YES,NO,NO,,,,,,,
SYNGENE,Syngene International Ltd.,HEALTHCARE,SUPPLY,376.0,373.6 - 385.85 RD SUPPLY,5.0 C,609.34 - 756.39 RD SUPPLY,5.0 C,1W DOWN • 20 EMA BEARISH,🟡 1 TEST (TESTED),NORMAL VOL,+0.0 PTS,6.0 / 10 SUPPLY,SUPPLY TEST,IN,YES,NO,NO,,,,,,,
TEJASNET,Tejas Networks Ltd.,CONSUMPTION,SUPPLY,491.1,590.05 - 616.2 RD SUPPLY,4.5 C,488.05 - 624.5 RD SUPPLY,5.0 C,1W DOWN • 20 EMA BEARISH,🟡 1 TEST (TESTED),NORMAL VOL,+0.0 PTS,6.0 / 10 SUPPLY,SUPPLY TEST,IN,NO,YES,NO,,,,,,,
ABBOTINDIA,Abbott India Ltd.,HEALTHCARE,SUPPLY,26740.0,28942.73 - 29509.47 RD SUPPLY,5.5 B,25800.0 - 28635.0 RD SUPPLY,5.0 C,1W UP • 20 EMA BULLISH,🟡 1 TEST (TESTED),NORMAL VOL,+0.0 PTS,5.5 / 10 SUPPLY,SUPPLY TEST,IN,YES,YES,NO,,,,,,,
LLOYDSME,Lloyds Metals And Energy Ltd.,METAL,SUPPLY,1836.3,1816.0 - 1881.5 RD SUPPLY,4.0 C,1766.1 - 2125.0 RD SUPPLY,4.0 C,1W UP • 20 EMA BULLISH,🟡 1 TEST (TESTED),NORMAL VOL,+0.0 PTS,5.5 / 10 SUPPLY,SUPPLY TEST,IN,YES,YES,YES,WATCH,SUPPLY/EQ - long system me nahi | TESTED ZONE (1 tests) | 1M SCORE <7 | 1D SCORE <7 | SECTOR METAL (backtest -ve),,,,,
SBILIFE,SBI Life Insurance Company Ltd.,FINSERVICE,SUPPLY,1728.1,1727.8 - 1775.0 RD SUPPLY,3.0 C,1766.0 - 2050.55 RD SUPPLY,4.5 C,1W DOWN • 20 EMA BEARISH,🔴 3 TESTS (WEAK),NORMAL VOL,+0.0 PTS,5.5 / 10 SUPPLY,SUPPLY TEST,IN,YES,YES,NO,,,,,,,
WHIRLPOOL,Whirlpool of India Ltd.,CONSUMPTION,SUPPLY,917.1,967.22 - 1005.19 RD SUPPLY,2.5 C,813.14 - 994.06 RD SUPPLY,5.5 B,1W UP • 20 EMA BULLISH,🟡 1 TEST (TESTED),NORMAL VOL,+0.0 PTS,5.5 / 10 SUPPLY,SUPPLY TEST,IN,YES,YES,NO,,,,,,,
AFFLE,Affle 3i Ltd.,IT,SUPPLY,1548.4,— NO ACTIVE ZONE —,—,1508.0 - 1829.1 RD SUPPLY,4.0 C,1W DOWN • 20 EMA BEARISH,🔴 2 TESTS (WEAK),NORMAL VOL,+0.0 PTS,5.0 / 10 SUPPLY,SUPPLY TEST,IN,NO,YES,NO,,,,,,,
DEVYANI,Devyani International Ltd.,CONSUMPTION,SUPPLY,131.09,— NO ACTIVE ZONE —,—,109.62 - 159.66 RD SUPPLY,5.0 C,1W UP • 20 EMA BULLISH,🟡 1 TEST (TESTED),🔥 1.8x HIGH VOL,+0.0 PTS,5.0 / 10 SUPPLY,SUPPLY TEST,IN,NO,YES,NO,,,,,,,
KALYANKJIL,Kalyan Jewellers India Ltd.,CONSUMPTION,SUPPLY,564.0,610.51 - 632.92 RD SUPPLY,3.0 C,489.51 - 611.71 RD SUPPLY,5.0 C,1W UP • 20 EMA BULLISH,🟡 1 TEST (TESTED),NORMAL VOL,+0.0 PTS,5.0 / 10 SUPPLY,SUPPLY TEST,IN,YES,YES,NO,,,,,,,
CARBORUNIV,Carborundum Universal Ltd.,INFRA,SUPPLY,1247.8,993.63 - 1057.48 DR DEMAND,4.5 C,1240.75 - 1455.68 RD SUPPLY,3.0 C,1W UP • 20 EMA BULLISH,🔴 3 TESTS (WEAK),NORMAL VOL,+0.0 PTS,4.5 / 10 SUPPLY,SUPPLY TEST,IN,NO,YES,NO,,,,,,,
IGIL,International Gemological Institute Ltd.,CONSUMPTION,SUPPLY,323.15,322.1 - 332.4 RD SUPPLY,3.5 C,— NO ACTIVE ZONE —,—,1W DOWN • 20 EMA BEARISH,🔴 2 TESTS (WEAK),NORMAL VOL,+0.0 PTS,4.5 / 10 SUPPLY,SUPPLY TEST,IN,YES,NO,NO,,,,,,,
SAIL,Steel Authority of India Ltd.,METAL,SUPPLY,184.2,168.02 - 174.15 DR DEMAND,3.5 C,165.36 - 206.9 RD SUPPLY,4.5 C,1W UP • 20 EMA BULLISH,🟡 1 TEST (TESTED),NORMAL VOL,+0.0 PTS,4.5 / 10 SUPPLY,SUPPLY TEST,IN,YES,YES,NO,,,,,,,
STARHEALTH,Star Health and Allied Insurance Company Ltd.,FINSERVICE,SUPPLY,552.5,542.1 - 559.65 RD SUPPLY,3.5 C,— NO ACTIVE ZONE —,—,1W DOWN • 20 EMA BEARISH,🔴 2 TESTS (WEAK),NORMAL VOL,+0.0 PTS,4.5 / 10 SUPPLY,SUPPLY TEST,IN,YES,NO,NO,,,,,,,
CRISIL,CRISIL Ltd.,FINSERVICE,SUPPLY,4650.6,4347.2 - 4502.9 DR DEMAND,3.5 C,4334.99 - 4897.45 RD SUPPLY,4.0 C,1W UP • 20 EMA BULLISH,🔴 2 TESTS (WEAK),🔥 1.8x HIGH VOL,+0.0 PTS,4.0 / 10 SUPPLY,SUPPLY TEST,IN,YES,YES,NO,,,,,,,
KOTAKBANK,Kotak Mahindra Bank Ltd.,BANK,SUPPLY,401.55,— NO ACTIVE ZONE —,—,386.33 - 447.25 RD SUPPLY,3.5 C,1W UP • 20 EMA BULLISH,🔴 3 TESTS (WEAK),NORMAL VOL,+0.0 PTS,3.5 / 10 SUPPLY,SUPPLY TEST,IN,NO,YES,NO,,,,,,,
ICICIAMC,ICICI Prudential Asset Management Company Ltd.,FINSERVICE,SUPPLY,3214.5,3211.1 - 3294.5 RD SUPPLY,3.0 C,— NO ACTIVE ZONE —,—,1W UP • 20 EMA BULLISH,🔴 2 TESTS (WEAK),NORMAL VOL,+0.0 PTS,3.0 / 10 SUPPLY,SUPPLY TEST,IN,YES,NO,NO,,,,,,,
PATANJALI,Patanjali Foods Ltd.,FMCG,DEMAND,390.8,353.05 - 367.0 DR DEMAND,7.5 A,541.2 - 628.83 RD SUPPLY,3.0 C,1W UP • 20 EMA BULLISH,🟡 1 TEST (TESTED),NORMAL VOL,+2.0 PTS,10.5 / 10 HIGH COMBO,PULLBACK WATCH (AWAY — retest ka wait),WATCH,YES,NO,NO,,,,,,,
CASTROLIND,Castrol India Ltd.,OIL,DEMAND,201.04,193.2 - 196.0 DR DEMAND,7.0 A,150.56 - 197.02 DR DEMAND,4.0 C,1W UP • 20 EMA BULLISH,🟡 1 TEST (TESTED),NORMAL VOL,+2.0 PTS,10.0 / 10 HIGH COMBO,PULLBACK WATCH (AWAY — retest ka wait),WATCH,YES,YES,NO,,,,,,,
BSE,BSE Ltd.,FINSERVICE,DEMAND,3097.5,3560.0 - 3671.4 RD SUPPLY,5.5 B,2590.18 - 2892.38 DR DEMAND,7.0 A,1W DOWN • 20 EMA BEARISH,🟡 1 TEST (TESTED),NORMAL VOL,+2.0 PTS,9.0 / 10 SOLID,PULLBACK WATCH (AWAY — retest ka wait),WATCH,NO,YES,NO,,,,,,,
GVT&D,GE Vernova T&D India Ltd.,INFRA,DEMAND,4203.0,3742.74 - 3967.98 DR DEMAND,2.5 C,1267.83 - 1637.74 DR DEMAND,7.0 A,1W DOWN • 20 EMA BEARISH,🔴 2 TESTS (WEAK),NORMAL VOL,+2.0 PTS,9.0 / 10 SOLID,PULLBACK WATCH (AWAY — retest ka wait),WATCH,YES,NO,NO,,,,,,,
PAGEIND,Page Industries Ltd.,CONSUMPTION,DEMAND,37500.0,34300.0 - 35290.0 DR DEMAND,7.0 A,— NO ACTIVE ZONE —,—,1W UP • 20 EMA BULLISH,🟡 1 TEST (TESTED),NORMAL VOL,+1.0 PT,9.0 / 10 SOLID,PULLBACK WATCH (AWAY — retest ka wait),WATCH,YES,NO,NO,,,,,,,
ZYDUSLIFE,Zydus Lifesciences Ltd.,HEALTHCARE,DEMAND,1215.0,1097.9 - 1130.0 DR DEMAND,4.5 C,862.87 - 946.7 DR DEMAND,7.0 A,1W UP • 20 EMA BULLISH,🔴 7 TESTS (WEAK),🔥 2.5x VOL EXPLOSION,+1.0 PT,9.0 / 10 SOLID,PULLBACK WATCH (AWAY — retest ka wait),WATCH,YES,NO,NO,,,,,,,
DATAPATTNS,Data Patterns (India) Ltd.,INFRA,DEMAND,4276.8,3803.51 - 4036.6 DR DEMAND,3.5 C,1344.18 - 1810.56 DR DEMAND,6.5 B,1W DOWN • 20 EMA BEARISH,🔴 2 TESTS (WEAK),NORMAL VOL,+2.0 PTS,8.5 / 10 SOLID,PULLBACK WATCH (AWAY — retest ka wait),WATCH,YES,NO,NO,,,,,,,
MPHASIS,MphasiS Ltd.,IT,DEMAND,2237.5,2100.19 - 2191.45 DR DEMAND,7.5 A,— NO ACTIVE ZONE —,—,1W DOWN • 20 EMA BEARISH,🟢 0 TESTS (FRESH),NORMAL VOL,+1.0 PT,8.5 / 10 SOLID,PULLBACK WATCH (AWAY — retest ka wait),WATCH,YES,NO,NO,,,,,,,
MUTHOOTFIN,Muthoot Finance Ltd.,FINSERVICE,SUPPLY,2760.0,2926.5 - 2985.9 RD SUPPLY,6.0 B,2064.17 - 2385.78 DR DEMAND,7.5 A,1W DOWN • 20 EMA BEARISH,🟡 1 TEST (TESTED),NORMAL VOL,+0.0 PTS,8.5 / 10 SUPPLY,PULLBACK WATCH (AWAY — retest ka wait),WATCH,YES,NO,NO,,,,,,,
ANANDRATHI,Anand Rathi Wealth Ltd.,FINSERVICE,DEMAND,2146.2,1462.13 - 1494.57 DR DEMAND,4.0 C,1710.6 - 2032.7 DR DEMAND,5.0 C,1W UP • 20 EMA BULLISH,🟡 1 TEST (TESTED),NORMAL VOL,+2.0 PTS,8.0 / 10 SOLID,PULLBACK WATCH (AWAY — retest ka wait),WATCH,NO,YES,NO,,,,,,,
BAJAJHLDNG,Bajaj Holdings & Investment Ltd.,FINSERVICE,DEMAND,10800.0,9726.08 - 10015.78 DR DEMAND,6.0 B,8433.72 - 10392.89 DR DEMAND,4.0 C,1W DOWN • 20 EMA BEARISH,🟢 0 TESTS (FRESH),NORMAL VOL,+2.0 PTS,8.0 / 10 SOLID,PULLBACK WATCH (AWAY — retest ka wait),WATCH,YES,YES,NO,,,,,,,
LENSKART,Lenskart Solutions Ltd.,CONSUMPTION,DEMAND,655.2,597.75 - 616.0 DR DEMAND,6.0 B,— NO ACTIVE ZONE —,—,1W UP • 20 EMA BULLISH,🟡 1 TEST (TESTED),NORMAL VOL,+1.0 PT,8.0 / 10 SOLID,PULLBACK WATCH (AWAY — retest ka wait),WATCH,YES,NO,NO,,,,,,,
SHYAMMETL,Shyam Metalics and Energy Ltd.,INFRA,DEMAND,1068.7,970.0 - 1002.8 DR DEMAND,4.5 C,682.62 - 897.27 DR DEMAND,5.0 C,1W UP • 20 EMA BULLISH,🟡 1 TEST (TESTED),NORMAL VOL,+2.0 PTS,8.0 / 10 SOLID,PULLBACK WATCH (AWAY — retest ka wait),WATCH,YES,NO,NO,,,,,,,
IDEA,Vodafone Idea Ltd.,CONSUMPTION,SUPPLY,13.47,14.04 - 14.5 RD SUPPLY,5.0 C,8.13 - 10.55 DR DEMAND,6.5 B,1W DOWN • 20 EMA BEARISH,🟡 1 TEST (TESTED),NORMAL VOL,+0.0 PTS,7.5 / 10 SUPPLY,PULLBACK WATCH (AWAY — retest ka wait),WATCH,YES,NO,NO,,,,,,,
LAURUSLABS,Laurus Labs Ltd.,HEALTHCARE,DEMAND,2010.7,1894.8 - 1964.5 DR DEMAND,5.0 C,917.04 - 1102.45 DR DEMAND,5.5 B,1W UP • 20 EMA BULLISH,🟡 1 TEST (TESTED),NORMAL VOL,+1.0 PT,7.5 / 10 SOLID,PULLBACK WATCH (AWAY — retest ka wait),WATCH,YES,NO,NO,,,,,,,
PCBL,PCBL Chemical Ltd.,FMCG,DEMAND,332.55,308.15 - 316.75 DR DEMAND,4.5 C,345.37 - 430.89 RD SUPPLY,2.5 C,1W UP • 20 EMA BULLISH,🔴 3 TESTS (WEAK),NORMAL VOL,+2.0 PTS,7.5 / 10 SOLID,PULLBACK WATCH (AWAY — retest ka wait),WATCH,YES,YES,NO,,,,,,,
YESBANK,Yes Bank Ltd.,BANK,DEMAND,21.18,24.15 - 24.66 RD SUPPLY,3.5 C,17.3 - 20.71 DR DEMAND,5.5 B,1W DOWN • 20 EMA BEARISH,🟡 1 TEST (TESTED),NORMAL VOL,+2.0 PTS,7.5 / 10 SOLID,PULLBACK WATCH (AWAY — retest ka wait),WATCH,NO,YES,NO,,,,,,,
CREDITACC,CreditAccess Grameen Ltd.,FINSERVICE,SUPPLY,1255.2,1363.3 - 1420.0 RD SUPPLY,5.0 C,1353.0 - 1606.0 RD SUPPLY,6.0 B,1W DOWN • 20 EMA BEARISH,🟡 1 TEST (TESTED),NORMAL VOL,+0.0 PTS,7.0 / 10 SUPPLY,PULLBACK WATCH (AWAY — retest ka wait),WATCH,YES,YES,NO,,,,,,,
GESHIP,Great Eastern Shipping Co. Ltd.,CONSUMPTION,DEMAND,1533.4,1459.0 - 1489.1 DR DEMAND,5.0 C,762.54 - 920.78 DR DEMAND,4.0 C,1W UP • 20 EMA BULLISH,🟡 1 TEST (TESTED),🔥 2.5x VOL EXPLOSION,+1.0 PT,7.0 / 10 SOLID,PULLBACK WATCH (AWAY — retest ka wait),WATCH,YES,NO,NO,,,,,,,
HAVELLS,Havells India Ltd.,CONSUMPTION,SUPPLY,1085.0,1258.7 - 1276.7 RD SUPPLY,6.0 B,1178.23 - 1397.63 RD SUPPLY,5.5 B,1W DOWN • 20 EMA BEARISH,🟡 1 TEST (TESTED),NORMAL VOL,+0.0 PTS,7.0 / 10 SUPPLY,PULLBACK WATCH (AWAY — retest ka wait),WATCH,NO,YES,NO,,,,,,,
NH,Narayana Hrudayalaya Ltd.,HEALTHCARE,SUPPLY,1820.1,1870.0 - 1909.9 RD SUPPLY,6.0 B,1901.1 - 2191.27 RD SUPPLY,3.5 C,1W DOWN • 20 EMA BEARISH,🟡 1 TEST (TESTED),NORMAL VOL,+0.0 PTS,7.0 / 10 SUPPLY,PULLBACK WATCH (AWAY — retest ka wait),WATCH,YES,YES,NO,,,,,,,
WOCKPHARMA,Wockhardt Ltd.,HEALTHCARE,DEMAND,2187.6,2021.5 - 2090.1 DR DEMAND,5.0 C,1141.45 - 1536.8 DR DEMAND,4.0 C,1W UP • 20 EMA BULLISH,🟡 1 TEST (TESTED),NORMAL VOL,+1.0 PT,7.0 / 10 SOLID,PULLBACK WATCH (AWAY — retest ka wait),WATCH,YES,NO,NO,,,,,,,
BANKBARODA,Bank of Baroda,PSUBANK,SUPPLY,227.5,239.9 - 246.12 RD SUPPLY,5.0 C,178.57 - 218.88 DR DEMAND,5.5 B,1W DOWN • 20 EMA BEARISH,🟡 1 TEST (TESTED),NORMAL VOL,+0.0 PTS,6.5 / 10 SUPPLY,PULLBACK WATCH (AWAY — retest ka wait),WATCH,YES,YES,NO,,,,,,,
BIKAJI,Bikaji Foods International Ltd.,FMCG,SUPPLY,557.9,570.95 - 591.9 RD SUPPLY,5.5 B,— NO ACTIVE ZONE —,—,1W DOWN • 20 EMA BEARISH,🟡 1 TEST (TESTED),NORMAL VOL,+0.0 PTS,6.5 / 10 SUPPLY,PULLBACK WATCH (AWAY — retest ka wait),WATCH,YES,NO,NO,,,,,,,
BIOCON,Biocon Ltd.,HEALTHCARE,DEMAND,374.9,350.08 - 362.12 DR DEMAND,5.5 B,290.26 - 353.85 DR DEMAND,3.5 C,1W DOWN • 20 EMA BEARISH,🟡 1 TEST (TESTED),NORMAL VOL,+1.0 PT,6.5 / 10 SOLID,PULLBACK WATCH (AWAY — retest ka wait),WATCH,YES,YES,NO,,,,,,,
BLS,BLS International Services Ltd.,CONSUMPTION,SUPPLY,221.22,228.0 - 234.0 RD SUPPLY,5.5 B,337.7 - 405.08 RD SUPPLY,4.0 C,1W DOWN • 20 EMA BEARISH,🟡 1 TEST (TESTED),NORMAL VOL,+0.0 PTS,6.5 / 10 SUPPLY,PULLBACK WATCH (AWAY — retest ka wait),WATCH,YES,NO,NO,,,,,,,
BSOFT,Birlasoft Ltd.,IT,SUPPLY,271.25,280.75 - 284.5 RD SUPPLY,5.5 B,374.06 - 432.69 RD SUPPLY,4.0 C,1W DOWN • 20 EMA BEARISH,🟡 1 TEST (TESTED),NORMAL VOL,+0.0 PTS,6.5 / 10 SUPPLY,PULLBACK WATCH (AWAY — retest ka wait),WATCH,YES,NO,NO,,,,,,,
DABUR,Dabur India Ltd.,FMCG,DEMAND,385.75,369.0 - 377.75 DR DEMAND,4.5 C,477.23 - 536.39 RD SUPPLY,3.5 C,1W DOWN • 20 EMA BEARISH,🟡 1 TEST (TESTED),NORMAL VOL,+2.0 PTS,6.5 / 10 SOLID,PULLBACK WATCH (AWAY — retest ka wait),WATCH,YES,NO,NO,,,,,,,
DOMS,DOMS Industries Ltd.,FMCG,SUPPLY,2046.5,2100.0 - 2133.9 RD SUPPLY,5.5 B,— NO ACTIVE ZONE —,—,1W DOWN • 20 EMA BEARISH,🟡 1 TEST (TESTED),NORMAL VOL,+0.0 PTS,6.5 / 10 SUPPLY,PULLBACK WATCH (AWAY — retest ka wait),WATCH,YES,NO,NO,,,,,,,
ETERNAL,Eternal Ltd.,CONSUMPTION,DEMAND,330.95,306.2 - 318.5 DR DEMAND,4.5 C,194.8 - 243.45 DR DEMAND,2.5 C,1W UP • 20 EMA BULLISH,🔴 4 TESTS (WEAK),NORMAL VOL,+1.0 PT,6.5 / 10 SOLID,PULLBACK WATCH (AWAY — retest ka wait),WATCH,YES,NO,NO,,,,,,,
GMDCLTD,Gujarat Mineral Development Corporation Ltd.,METAL,DEMAND,522.25,490.1 - 509.02 DR DEMAND,3.0 C,614.47 - 733.87 RD SUPPLY,4.5 C,1W DOWN • 20 EMA BEARISH,🔴 2 TESTS (WEAK),NORMAL VOL,+2.0 PTS,6.5 / 10 SOLID,PULLBACK WATCH (AWAY — retest ka wait),WATCH,YES,NO,NO,,,,,,,
GODREJCP,Godrej Consumer Products Ltd.,FMCG,SUPPLY,868.0,928.0 - 945.8 RD SUPPLY,5.0 C,971.08 - 1191.07 RD SUPPLY,5.5 B,1W DOWN • 20 EMA BEARISH,🟡 1 TEST (TESTED),NORMAL VOL,+0.0 PTS,6.5 / 10 SUPPLY,PULLBACK WATCH (AWAY — retest ka wait),WATCH,YES,NO,NO,,,,,,,
GODREJIND,Godrej Industries Ltd.,CONSUMPTION,DEMAND,1076.1,1331.0 - 1385.5 RD SUPPLY,3.0 C,756.0 - 1043.4 DR DEMAND,5.5 B,1W DOWN • 20 EMA BEARISH,🟡 1 TEST (TESTED),NORMAL VOL,+1.0 PT,6.5 / 10 SOLID,PULLBACK WATCH (AWAY — retest ka wait),WATCH,NO,YES,NO,,,,,,,
GRSE,Garden Reach Shipbuilders & Engineers Ltd.,INFRA,SUPPLY,2245.3,2366.1 - 2418.8 RD SUPPLY,5.0 C,1173.27 - 1772.43 DR DEMAND,5.5 B,1W DOWN • 20 EMA BEARISH,🟡 1 TEST (TESTED),NORMAL VOL,+0.0 PTS,6.5 / 10 SUPPLY,PULLBACK WATCH (AWAY — retest ka wait),WATCH,YES,NO,NO,,,,,,,
HDFCAMC,HDFC Asset Management Company Ltd.,FINSERVICE,SUPPLY,2302.3,2380.3 - 2432.0 RD SUPPLY,5.5 B,1739.98 - 2011.62 DR DEMAND,5.5 B,1W DOWN • 20 EMA BEARISH,🟡 1 TEST (TESTED),NORMAL VOL,+0.0 PTS,6.5 / 10 SUPPLY,PULLBACK WATCH (AWAY — retest ka wait),WATCH,YES,NO,NO,,,,,,,
IRCON,IRCON International Ltd.,INFRA,SUPPLY,103.25,106.06 - 109.0 RD SUPPLY,5.5 B,134.82 - 163.34 RD SUPPLY,5.0 C,1W DOWN • 20 EMA BEARISH,🟡 1 TEST (TESTED),NORMAL VOL,+0.0 PTS,6.5 / 10 SUPPLY,PULLBACK WATCH (AWAY — retest ka wait),WATCH,YES,NO,NO,,,,,,,
IRFC,Indian Railway Finance Corporation Ltd.,CPSE,SUPPLY,78.55,80.16 - 81.7 RD SUPPLY,5.5 B,— NO ACTIVE ZONE —,—,1W DOWN • 20 EMA BEARISH,🟡 1 TEST (TESTED),NORMAL VOL,+0.0 PTS,6.5 / 10 SUPPLY,PULLBACK WATCH (AWAY — retest ka wait),WATCH,YES,NO,NO,,,,,,,
J&KBANK,Jammu & Kashmir Bank Ltd.,PSUBANK,SUPPLY,142.25,146.7 - 149.0 RD SUPPLY,5.0 C,109.78 - 135.68 DR DEMAND,5.5 B,1W DOWN • 20 EMA BEARISH,🟡 1 TEST (TESTED),NORMAL VOL,+0.0 PTS,6.5 / 10 SUPPLY,PULLBACK WATCH (AWAY — retest ka wait),WATCH,YES,YES,NO,,,,,,,
JAINREC,Jain Resource Recycling Ltd.,METAL,SUPPLY,281.75,290.1 - 300.0 RD SUPPLY,5.5 B,— NO ACTIVE ZONE —,—,1W DOWN • 20 EMA BEARISH,🟡 1 TEST (TESTED),NORMAL VOL,+0.0 PTS,6.5 / 10 SUPPLY,PULLBACK WATCH (AWAY — retest ka wait),WATCH,YES,NO,NO,,,,,,,
JIOFIN,Jio Financial Services Ltd.,FINSERVICE,SUPPLY,220.5,226.7 - 230.6 RD SUPPLY,5.0 C,235.5 - 267.57 RD SUPPLY,5.5 B,1W DOWN • 20 EMA BEARISH,🟡 1 TEST (TESTED),NORMAL VOL,+0.0 PTS,6.5 / 10 SUPPLY,PULLBACK WATCH (AWAY — retest ka wait),WATCH,YES,YES,NO,,,,,,,
MAZDOCK,Mazagoan Dock Shipbuilders Ltd.,INFRA,SUPPLY,2138.0,2222.1 - 2278.0 RD SUPPLY,5.5 B,2375.71 - 2754.03 RD SUPPLY,4.0 C,1W DOWN • 20 EMA BEARISH,🟡 1 TEST (TESTED),NORMAL VOL,+0.0 PTS,6.5 / 10 SUPPLY,PULLBACK WATCH (AWAY — retest ka wait),WATCH,YES,NO,NO,,,,,,,
RPOWER,Reliance Power Ltd.,CPSE,SUPPLY,19.96,20.58 - 21.01 RD SUPPLY,5.5 B,51.25 - 70.9 RD SUPPLY,5.0 C,1W DOWN • 20 EMA BEARISH,🟡 1 TEST (TESTED),NORMAL VOL,+0.0 PTS,6.5 / 10 SUPPLY,PULLBACK WATCH (AWAY — retest ka wait),WATCH,YES,NO,NO,,,,,,,
RVNL,Rail Vikas Nigam Ltd.,CPSE,SUPPLY,202.75,209.35 - 214.28 RD SUPPLY,4.5 C,242.24 - 309.04 RD SUPPLY,5.5 B,1W DOWN • 20 EMA BEARISH,🟡 1 TEST (TESTED),NORMAL VOL,+0.0 PTS,6.5 / 10 SUPPLY,PULLBACK WATCH (AWAY — retest ka wait),WATCH,YES,NO,NO,,,,,,,
SUNDARMFIN,Sundaram Finance Ltd.,FINSERVICE,SUPPLY,4453.4,4640.0 - 4741.5 RD SUPPLY,5.5 B,— NO ACTIVE ZONE —,—,1W DOWN • 20 EMA BEARISH,🟡 1 TEST (TESTED),NORMAL VOL,+0.0 PTS,6.5 / 10 SUPPLY,PULLBACK WATCH (AWAY — retest ka wait),WATCH,YES,NO,NO,,,,,,,
AADHARHFC,Aadhar Housing Finance Ltd.,FINSERVICE,SUPPLY,436.95,453.45 - 469.15 RD SUPPLY,5.0 C,— NO ACTIVE ZONE —,—,1W DOWN • 20 EMA BEARISH,🟡 1 TEST (TESTED),NORMAL VOL,+0.0 PTS,6.0 / 10 SUPPLY,PULLBACK WATCH (AWAY — retest ka wait),WATCH,YES,NO,NO,,,,,,,
AEGISLOG,Aegis Logistics Ltd.,OIL,DEMAND,1308.1,1200.0 - 1252.9 DR DEMAND,3.0 C,— NO ACTIVE ZONE —,—,1W UP • 20 EMA BULLISH,🔴 2 TESTS (WEAK),NORMAL VOL,+2.0 PTS,6.0 / 10 SOLID,PULLBACK WATCH (AWAY — retest ka wait),WATCH,YES,NO,NO,,,,,,,
AMBUJACEM,Ambuja Cements Ltd.,INFRA,SUPPLY,374.35,382.65 - 390.9 RD SUPPLY,5.0 C,— NO ACTIVE ZONE —,—,1W DOWN • 20 EMA BEARISH,🟡 1 TEST (TESTED),NORMAL VOL,+0.0 PTS,6.0 / 10 SUPPLY,PULLBACK WATCH (AWAY — retest ka wait),WATCH,YES,NO,NO,,,,,,,
ANGELONE,Angel One Ltd.,FINSERVICE,SUPPLY,279.2,289.8 - 297.75 RD SUPPLY,5.0 C,— NO ACTIVE ZONE —,—,1W DOWN • 20 EMA BEARISH,🟡 1 TEST (TESTED),NORMAL VOL,+0.0 PTS,6.0 / 10 SUPPLY,PULLBACK WATCH (AWAY — retest ka wait),WATCH,YES,NO,NO,,,,,,,
BALKRISIND,Balkrishna Industries Ltd.,AUTO,SUPPLY,2153.8,2200.5 - 2259.0 RD SUPPLY,5.0 C,2239.55 - 2679.5 RD SUPPLY,4.5 C,1W DOWN • 20 EMA BEARISH,🟡 1 TEST (TESTED),NORMAL VOL,+0.0 PTS,6.0 / 10 SUPPLY,PULLBACK WATCH (AWAY — retest ka wait),WATCH,YES,YES,NO,,,,,,,
BELRISE,Belrise Industries Ltd.,AUTO,DEMAND,248.62,226.07 - 233.98 DR DEMAND,3.0 C,— NO ACTIVE ZONE —,—,1W UP • 20 EMA BULLISH,🔴 8 TESTS (WEAK),NORMAL VOL,+2.0 PTS,6.0 / 10 SOLID,PULLBACK WATCH (AWAY — retest ka wait),WATCH,YES,NO,NO,,,,,,,
CDSL,Central Depository Services (India) Ltd.,FINSERVICE,SUPPLY,1289.0,1353.3 - 1394.4 RD SUPPLY,5.0 C,1449.85 - 1783.06 RD SUPPLY,4.5 C,1W DOWN • 20 EMA BEARISH,🟡 1 TEST (TESTED),NORMAL VOL,+0.0 PTS,6.0 / 10 SUPPLY,PULLBACK WATCH (AWAY — retest ka wait),WATCH,YES,NO,NO,,,,,,,
DCMSHRIRAM,DCM Shriram Ltd.,CONSUMPTION,SUPPLY,944.6,1250.25 - 1301.45 RD SUPPLY,4.5 C,1018.23 - 1319.98 RD SUPPLY,5.0 C,1W DOWN • 20 EMA BEARISH,🟡 1 TEST (TESTED),NORMAL VOL,+0.0 PTS,6.0 / 10 SUPPLY,PULLBACK WATCH (AWAY — retest ka wait),WATCH,NO,YES,NO,,,,,,,
IDBI,IDBI Bank Ltd.,PVTBANK,DEMAND,84.39,80.56 - 82.72 DR DEMAND,2.5 C,62.87 - 79.9 DR DEMAND,3.0 C,1W UP • 20 EMA BULLISH,🔴 7 TESTS (WEAK),NORMAL VOL,+2.0 PTS,6.0 / 10 SOLID,PULLBACK WATCH (AWAY — retest ka wait),WATCH,YES,YES,NO,,,,,,,
IRCTC,Indian Railway Catering And Tourism Corporation Ltd.,CPSE,SUPPLY,453.5,485.48 - 491.98 RD SUPPLY,5.0 C,— NO ACTIVE ZONE —,—,1W DOWN • 20 EMA BEARISH,🟡 1 TEST (TESTED),NORMAL VOL,+0.0 PTS,6.0 / 10 SUPPLY,PULLBACK WATCH (AWAY — retest ka wait),WATCH,YES,NO,NO,,,,,,,
JBMA,JBM Auto Ltd.,AUTO,SUPPLY,571.05,590.4 - 599.7 RD SUPPLY,5.0 C,633.63 - 764.17 RD SUPPLY,4.0 C,1W DOWN • 20 EMA BEARISH,🟡 1 TEST (TESTED),NORMAL VOL,+0.0 PTS,6.0 / 10 SUPPLY,PULLBACK WATCH (AWAY — retest ka wait),WATCH,YES,NO,NO,,,,,,,
JPPOWER,Jaiprakash Power Ventures Ltd.,CPSE,SUPPLY,15.52,16.02 - 16.57 RD SUPPLY,5.0 C,17.58 - 21.99 RD SUPPLY,4.5 C,1W DOWN • 20 EMA BEARISH,🟡 1 TEST (TESTED),NORMAL VOL,+0.0 PTS,6.0 / 10 SUPPLY,PULLBACK WATCH (AWAY — retest ka wait),WATCH,YES,NO,NO,,,,,,,
TATACAP,Tata Capital Ltd.,FINSERVICE,SUPPLY,328.1,341.05 - 351.0 RD SUPPLY,5.0 C,— NO ACTIVE ZONE —,—,1W DOWN • 20 EMA BEARISH,🔴 2 TESTS (WEAK),NORMAL VOL,+0.0 PTS,6.0 / 10 SUPPLY,PULLBACK WATCH (AWAY — retest ka wait),WATCH,YES,NO,NO,,,,,,,
TMPV,Tata Motors Passenger Vehicles Ltd.,AUTO,SUPPLY,281.75,301.5 - 310.0 RD SUPPLY,5.0 C,343.3 - 404.44 RD SUPPLY,5.0 C,1W DOWN • 20 EMA BEARISH,🟡 1 TEST (TESTED),NORMAL VOL,+0.0 PTS,6.0 / 10 SUPPLY,PULLBACK WATCH (AWAY — retest ka wait),WATCH,YES,NO,NO,,,,,,,
ATGL,Adani Total Gas Ltd.,OIL,SUPPLY,594.45,629.15 - 659.05 RD SUPPLY,4.5 C,— NO ACTIVE ZONE —,—,1W DOWN • 20 EMA BEARISH,🟡 1 TEST (TESTED),NORMAL VOL,+0.0 PTS,5.5 / 10 SUPPLY,PULLBACK WATCH (AWAY — retest ka wait),WATCH,YES,NO,NO,,,,,,,
CONCORDBIO,Concord Biotech Ltd.,HEALTHCARE,SUPPLY,1392.7,1472.7 - 1548.5 RD SUPPLY,5.5 B,— NO ACTIVE ZONE —,—,1W UP • 20 EMA BULLISH,🟡 1 TEST (TESTED),NORMAL VOL,+0.0 PTS,5.5 / 10 SUPPLY,PULLBACK WATCH (AWAY — retest ka wait),WATCH,YES,NO,NO,,,,,,,
GABRIEL,Gabriel India Ltd.,AUTO,SUPPLY,1349.2,1433.2 - 1474.9 RD SUPPLY,2.5 C,834.07 - 1046.53 DR DEMAND,5.5 B,1W UP • 20 EMA BULLISH,🔴 3 TESTS (WEAK),NORMAL VOL,+0.0 PTS,5.5 / 10 SUPPLY,PULLBACK WATCH (AWAY — retest ka wait),WATCH,YES,NO,NO,,,,,,,
HDBFS,HDB Financial Services Ltd.,FINSERVICE,SUPPLY,637.4,680.1 - 700.6 RD SUPPLY,4.5 C,— NO ACTIVE ZONE —,—,1W DOWN • 20 EMA BEARISH,🔴 5 TESTS (WEAK),NORMAL VOL,+0.0 PTS,5.5 / 10 SUPPLY,PULLBACK WATCH (AWAY — retest ka wait),WATCH,YES,NO,NO,,,,,,,
INDUSTOWER,Indus Towers Ltd.,CONSUMPTION,SUPPLY,360.0,377.7 - 389.4 RD SUPPLY,4.5 C,372.34 - 430.21 RD SUPPLY,4.5 C,1W DOWN • 20 EMA BEARISH,🔴 3 TESTS (WEAK),NORMAL VOL,+0.0 PTS,5.5 / 10 SUPPLY,PULLBACK WATCH (AWAY — retest ka wait),WATCH,YES,YES,NO,,,,,,,
IOC,Indian Oil Corporation Ltd.,OIL,SUPPLY,133.32,140.25 - 141.75 RD SUPPLY,2.5 C,102.93 - 124.87 DR DEMAND,4.5 C,1W DOWN • 20 EMA BEARISH,🔴 2 TESTS (WEAK),NORMAL VOL,+0.0 PTS,5.5 / 10 SUPPLY,PULLBACK WATCH (AWAY — retest ka wait),WATCH,YES,YES,NO,,,,,,,
PIRAMALFIN,Piramal Finance Ltd.,FINSERVICE,SUPPLY,2149.0,2216.0 - 2304.8 RD SUPPLY,5.5 B,— NO ACTIVE ZONE —,—,1W UP • 20 EMA BULLISH,🟡 1 TEST (TESTED),NORMAL VOL,+0.0 PTS,5.5 / 10 SUPPLY,PULLBACK WATCH (AWAY — retest ka wait),WATCH,YES,NO,NO,,,,,,,
SCI,Shipping Corporation of India Ltd.,CONSUMPTION,SUPPLY,272.05,287.57 - 297.99 RD SUPPLY,4.5 C,— NO ACTIVE ZONE —,—,1W DOWN • 20 EMA BEARISH,🔴 2 TESTS (WEAK),NORMAL VOL,+0.0 PTS,5.5 / 10 SUPPLY,PULLBACK WATCH (AWAY — retest ka wait),WATCH,YES,NO,NO,,,,,,,
ACUTAAS,Acutaas Chemicals Ltd.,HEALTHCARE,SUPPLY,3214.4,3347.5 - 3485.39 RD SUPPLY,4.0 C,1017.63 - 1269.33 DR DEMAND,5.0 C,1W UP • 20 EMA BULLISH,🔴 3 TESTS (WEAK),NORMAL VOL,+0.0 PTS,5.0 / 10 SUPPLY,PULLBACK WATCH (AWAY — retest ka wait),WATCH,YES,NO,NO,,,,,,,
CEATLTD,Ceat Ltd.,AUTO,SUPPLY,3274.7,3375.5 - 3485.0 RD SUPPLY,4.0 C,3745.37 - 4156.57 RD SUPPLY,2.5 C,1W DOWN • 20 EMA BEARISH,🟡 1 TEST (TESTED),NORMAL VOL,+0.0 PTS,5.0 / 10 SUPPLY,PULLBACK WATCH (AWAY — retest ka wait),WATCH,YES,NO,NO,,,,,,,
DELHIVERY,Delhivery Ltd.,CONSUMPTION,DEMAND,407.5,378.4 - 391.75 DR DEMAND,4.0 C,— NO ACTIVE ZONE —,—,1W DOWN • 20 EMA BEARISH,🟡 1 TEST (TESTED),🔥 1.8x HIGH VOL,+1.0 PT,5.0 / 10 SOLID,PULLBACK WATCH (AWAY — retest ka wait),WATCH,YES,NO,NO,,,,,,,
ELGIEQUIP,Elgi Equipments Ltd.,INFRA,SUPPLY,598.85,629.15 - 644.0 RD SUPPLY,4.5 C,422.43 - 549.94 DR DEMAND,5.0 C,1W UP • 20 EMA BULLISH,🔴 4 TESTS (WEAK),NORMAL VOL,+0.0 PTS,5.0 / 10 SUPPLY,PULLBACK WATCH (AWAY — retest ka wait),WATCH,YES,NO,NO,,,,,,,
KEC,Kec International Ltd.,INFRA,SUPPLY,390.55,404.1 - 411.0 RD SUPPLY,4.0 C,— NO ACTIVE ZONE —,—,1W DOWN • 20 EMA BEARISH,🔴 2 TESTS (WEAK),NORMAL VOL,+0.0 PTS,5.0 / 10 SUPPLY,PULLBACK WATCH (AWAY — retest ka wait),WATCH,YES,NO,NO,,,,,,,
MFSL,Max Financial Services Ltd.,FINSERVICE,SUPPLY,1444.0,1549.2 - 1581.1 RD SUPPLY,4.0 C,1541.0 - 1713.6 RD SUPPLY,4.0 C,1W DOWN • 20 EMA BEARISH,🟡 1 TEST (TESTED),NORMAL VOL,+0.0 PTS,5.0 / 10 SUPPLY,PULLBACK WATCH (AWAY — retest ka wait),WATCH,YES,YES,NO,,,,,,,
RAINBOW,Rainbow Childrens Medicare Ltd.,HEALTHCARE,DEMAND,1372.6,1266.92 - 1312.91 DR DEMAND,4.0 C,1409.4 - 1610.0 RD SUPPLY,4.0 C,1W DOWN • 20 EMA BEARISH,🔴 3 TESTS (WEAK),NORMAL VOL,+1.0 PT,5.0 / 10 SOLID,PULLBACK WATCH (AWAY — retest ka wait),WATCH,YES,YES,NO,,,,,,,
TATACHEM,Tata Chemicals Ltd.,FMCG,SUPPLY,641.45,687.1 - 741.35 RD SUPPLY,4.0 C,— NO ACTIVE ZONE —,—,1W DOWN • 20 EMA BEARISH,🟡 1 TEST (TESTED),NORMAL VOL,+0.0 PTS,5.0 / 10 SUPPLY,PULLBACK WATCH (AWAY — retest ka wait),WATCH,YES,NO,NO,,,,,,,
ALKEM,Alkem Laboratories Ltd.,HEALTHCARE,SUPPLY,5175.0,5370.0 - 5489.5 RD SUPPLY,3.5 C,— NO ACTIVE ZONE —,—,1W DOWN • 20 EMA BEARISH,🔴 3 TESTS (WEAK),NORMAL VOL,+0.0 PTS,4.5 / 10 SUPPLY,PULLBACK WATCH (AWAY — retest ka wait),WATCH,YES,NO,NO,,,,,,,
GICRE,General Insurance Corporation of India,FINSERVICE,SUPPLY,329.3,342.8 - 360.47 RD SUPPLY,3.5 C,— NO ACTIVE ZONE —,—,1W DOWN • 20 EMA BEARISH,🔴 7 TESTS (WEAK),NORMAL VOL,+0.0 PTS,4.5 / 10 SUPPLY,PULLBACK WATCH (AWAY — retest ka wait),WATCH,YES,NO,NO,,,,,,,
HINDUNILVR,Hindustan Unilever Ltd.,FMCG,SUPPLY,1896.0,1936.0 - 1979.6 RD SUPPLY,3.5 C,— NO ACTIVE ZONE —,—,1W DOWN • 20 EMA BEARISH,🔴 2 TESTS (WEAK),NORMAL VOL,+0.0 PTS,4.5 / 10 SUPPLY,PULLBACK WATCH (AWAY — retest ka wait),WATCH,YES,NO,NO,,,,,,,
LINDEINDIA,Linde India Ltd.,FMCG,DEMAND,6191.0,5793.67 - 5989.84 DR DEMAND,2.5 C,6462.0 - 7609.42 RD SUPPLY,2.5 C,1W DOWN • 20 EMA BEARISH,🔴 3 TESTS (WEAK),NORMAL VOL,+2.0 PTS,4.5 / 10 SOLID,PULLBACK WATCH (AWAY — retest ka wait),WATCH,YES,YES,NO,,,,,,,
NIVABUPA,Niva Bupa Health Insurance Company Ltd.,FINSERVICE,SUPPLY,75.73,79.08 - 81.79 RD SUPPLY,3.5 C,— NO ACTIVE ZONE —,—,1W DOWN • 20 EMA BEARISH,🔴 2 TESTS (WEAK),NORMAL VOL,+0.0 PTS,4.5 / 10 SUPPLY,PULLBACK WATCH (AWAY — retest ka wait),WATCH,YES,NO,NO,,,,,,,
OLAELEC,Ola Electric Mobility Ltd.,AUTO,DEMAND,37.86,34.86 - 36.19 DR DEMAND,2.5 C,— NO ACTIVE ZONE —,—,1W DOWN • 20 EMA BEARISH,🔴 6 TESTS (WEAK),NORMAL VOL,+2.0 PTS,4.5 / 10 SOLID,PULLBACK WATCH (AWAY — retest ka wait),WATCH,YES,NO,NO,,,,,,,
SWANCORP,Swan Corp Ltd.,FMCG,SUPPLY,289.7,296.5 - 305.3 RD SUPPLY,2.5 C,511.74 - 770.86 RD SUPPLY,3.5 C,1W DOWN • 20 EMA BEARISH,🔴 5 TESTS (WEAK),NORMAL VOL,+0.0 PTS,4.5 / 10 SUPPLY,PULLBACK WATCH (AWAY — retest ka wait),WATCH,YES,NO,NO,,,,,,,
BLUEJET,Blue Jet Healthcare Ltd.,HEALTHCARE,SUPPLY,557.3,589.67 - 609.97 RD SUPPLY,3.0 C,569.06 - 646.45 RD SUPPLY,4.0 C,1W UP • 20 EMA BULLISH,🔴 4 TESTS (WEAK),NORMAL VOL,+0.0 PTS,4.0 / 10 SUPPLY,PULLBACK WATCH (AWAY — retest ka wait),WATCH,YES,YES,NO,,,,,,,
CANHLIFE,Canara HSBC Life Insurance Company Ltd.,FINSERVICE,SUPPLY,147.78,152.95 - 158.5 RD SUPPLY,4.0 C,— NO ACTIVE ZONE —,—,1W UP • 20 EMA BULLISH,🔴 2 TESTS (WEAK),NORMAL VOL,+0.0 PTS,4.0 / 10 SUPPLY,PULLBACK WATCH (AWAY — retest ka wait),WATCH,YES,NO,NO,,,,,,,
JSWINFRA,JSW Infrastructure Ltd.,CONSUMPTION,SUPPLY,348.75,362.2 - 370.2 RD SUPPLY,4.0 C,239.81 - 325.98 DR DEMAND,2.5 C,1W UP • 20 EMA BULLISH,🟡 1 TEST (TESTED),NORMAL VOL,+0.0 PTS,4.0 / 10 SUPPLY,PULLBACK WATCH (AWAY — retest ka wait),WATCH,YES,YES,NO,,,,,,,
TMCV,Tata Motors Ltd.,INFRA,SUPPLY,432.95,460.85 - 486.51 RD SUPPLY,3.0 C,— NO ACTIVE ZONE —,—,1W DOWN • 20 EMA BEARISH,🔴 6 TESTS (WEAK),NORMAL VOL,+0.0 PTS,4.0 / 10 SUPPLY,PULLBACK WATCH (AWAY — retest ka wait),WATCH,YES,NO,NO,,,,,,,
USHAMART,Usha Martin Ltd.,INFRA,SUPPLY,508.0,525.7 - 541.0 RD SUPPLY,4.0 C,281.62 - 344.58 DR DEMAND,3.5 C,1W UP • 20 EMA BULLISH,🟡 1 TEST (TESTED),NORMAL VOL,+0.0 PTS,4.0 / 10 SUPPLY,PULLBACK WATCH (AWAY — retest ka wait),WATCH,YES,NO,NO,,,,,,,
CIPLA,Cipla Ltd.,HEALTHCARE,SUPPLY,1383.7,1449.2 - 1482.0 RD SUPPLY,2.5 C,— NO ACTIVE ZONE —,—,1W DOWN • 20 EMA BEARISH,🔴 6 TESTS (WEAK),NORMAL VOL,+0.0 PTS,3.5 / 10 SUPPLY,PULLBACK WATCH (AWAY — retest ka wait),WATCH,YES,NO,NO,,,,,,,
EMMVEE,Emmvee Photovoltaic Power Ltd.,INFRA,SUPPLY,315.55,341.05 - 366.67 RD SUPPLY,3.5 C,— NO ACTIVE ZONE —,—,1W UP • 20 EMA BULLISH,🔴 3 TESTS (WEAK),NORMAL VOL,+0.0 PTS,3.5 / 10 SUPPLY,PULLBACK WATCH (AWAY — retest ka wait),WATCH,YES,NO,NO,,,,,,,
MANKIND,Mankind Pharma Ltd.,PHARMA,SUPPLY,2435.6,2497.7 - 2638.6 RD SUPPLY,3.0 C,1928.0 - 2322.2 DR DEMAND,3.5 C,1W UP • 20 EMA BULLISH,🔴 6 TESTS (WEAK),NORMAL VOL,+0.0 PTS,3.5 / 10 SUPPLY,PULLBACK WATCH (AWAY — retest ka wait),WATCH,YES,YES,NO,,,,,,,
NAUKRI,Info Edge (India) Ltd.,CONSUMPTION,SUPPLY,1253.9,1313.0 - 1358.0 RD SUPPLY,3.0 C,1341.18 - 1481.84 RD SUPPLY,3.0 C,1W UP • 20 EMA BULLISH,🔴 2 TESTS (WEAK),NORMAL VOL,+0.0 PTS,3.0 / 10 SUPPLY,PULLBACK WATCH (AWAY — retest ka wait),WATCH,YES,YES,NO,,,,,,,
GLAXO,Glaxosmithkline Pharmaceuticals Ltd.,PHARMA,SUPPLY,2896.4,3035.2 - 3120.0 RD SUPPLY,2.5 C,— NO ACTIVE ZONE —,—,1W UP • 20 EMA BULLISH,🔴 2 TESTS (WEAK),🔥 2.5x VOL EXPLOSION,+0.0 PTS,2.5 / 10 SUPPLY,PULLBACK WATCH (AWAY — retest ka wait),WATCH,YES,NO,NO,,,,,,,
